date,feed,ep_num,title,movie,guest,movie_id,movie_original_title,release_date,vote_average,vote_count
2015-03-23T19:14:01+00:00,main,1,In A Galaxy Far Far Away… - The Phantom Podcast,Star Wars: The Phantom Menace,,1893,Star Wars: Episode I - The Phantom Menace,1999-05-19,6.554,14458
2015-06-08T17:56:52+00:00,main,12,Judging The Judge,The Judge,,205587,The Judge,2014-10-08,7.323,4024
2015-06-22T18:43:50+00:00,main,13,Unrest In The Galactic Senate - Attack Of The Podcast,Star Wars: Attack of the Clones,,1894,Star Wars: Episode II - Attack of the Clones,2002-05-15,6.568,13096
2015-09-14T18:21:55+00:00,main,23a,The Podcastic Two,The Fantastic Four,,22059,The Fantastic Four,1994-05-31,4.348,171
2015-09-14T18:21:55+00:00,main,23b,The Podcastic Two,Fantastic Four,,9738,Fantastic Four,2005-06-29,5.786,9207
2015-09-14T18:21:55+00:00,main,23c,The Podcastic Two,Fantastic Four: Rise of the Silver Surfer,,1979,Fantastic Four: Rise of the Silver Surfer,2007-06-13,5.608,7744
2015-09-14T18:21:55+00:00,main,23d,The Podcastic Two,Fant4stic,,166424,Fantastic Four,2015-08-05,4.418,5919
2015-09-21T20:23:38+00:00,main,24,The Beginning of The End - Revenge Of The Podcast,Star Wars: Revenge of the Sith,,1895,Star Wars: Episode III - Revenge of the Sith,2005-05-17,7.433,13576
2015-11-07T00:08:28+00:00,main,30,The Clone Wars Animated Series with Jonathan Braylock - Revenge Of The Podcast,Star Wars: The Clone Wars,Jonathan Braylock - Revenge Of The Podcast,10000002,Television override,9999-09-09,0,0
2015-12-07T07:15:24+00:00,main,34,A New Podcast,Star Wars: A New Hope,,11,Star Wars,1977-05-25,8.204,20445
2015-12-14T20:59:35+00:00,main,35,The Podcast Strikes Back,Star Wars: The Empire Strikes Back,,1891,The Empire Strikes Back,1980-05-20,8.392,16809
2015-12-17T05:00:00+00:00,main,36,Return of the Podcast,Star Wars: Return of the Jedi,,1892,Return of the Jedi,1983-05-25,7.898,15534
2015-12-21T05:00:00+00:00,main,37,The Podcast Awakens,Star Wars: The Force Awakens,,140607,Star Wars: The Force Awakens,2015-12-15,7.3,19210
2015-12-24T05:00:00+00:00,main,38,The Podcast Holiday Special with Pilot Viruet,The Star Wars Holiday Special,Pilot Viruet,74849,The Star Wars Holiday Special,1978-11-17,3.337,452
2016-01-26T04:46:10+00:00,main,40a,Praying with Anger/Wide Awake,Praying with Anger,,114284,Praying with Anger,1993-09-15,4.789,19
2016-01-26T04:46:10+00:00,main,40b,Praying with Anger/Wide Awake,Wide Awake,,32911,Wide Awake,1998-03-20,5.455,78
2016-02-01T22:53:22+00:00,main,41,The Sixth Sense with Katey Rich,The Sixth Sense,Katey Rich,745,The Sixth Sense,1999-08-06,7.957,11572
2016-02-08T17:13:15+00:00,main,42,Unbreakable with Matt Patches,Unbreakable,Matt Patches,9741,Unbreakable,2000-11-22,7.14,9155
2016-02-15T05:00:00+00:00,main,43,Signs with Murf Meyer and Diana Kolsky,Signs,Murf Meyer and Diana Kolsky,2675,Signs,2002-08-02,6.699,5542
2016-02-29T05:00:00+00:00,main,45,The Village with David Ehrlich,The Village,David Ehrlich,6947,The Village,2004-07-30,6.468,4112
2016-03-07T07:00:00+00:00,main,46,Lady in the Water with Richard Lawson,Lady in the Water,Richard Lawson,9697,Lady in the Water,2006-07-20,5.557,1359
2016-03-14T16:45:19+00:00,main,47,The Happening,The Happening,,8645,The Happening,2008-06-11,5.4,3545
2016-03-18T22:25:54+00:00,main,48,The Last Airbender with Seaton Smith,The Last Airbender,Seaton Smith,10196,The Last Airbender,2010-06-30,4.654,3919
2016-03-25T20:05:48+00:00,main,49,After Earth with James III,After Earth,James III,82700,After Earth,2013-05-30,5.192,6453
2016-04-01T17:29:33+00:00,main,50,The Visit with Louis Peitzman,The Visit,Louis Peitzman,298312,The Visit,2015-09-10,6.328,4677
2016-04-12T17:06:17+00:00,main,51,The Buried Secret of M. Night Shyamalan,The Buried Secret of M. Night Shyamalan,,60394,The Buried Secret of M. Night Shyamalan,2004-06-18,6.7,14
2016-04-18T17:31:15+00:00,main,52,Bound,Bound,,9303,Bound,1996-09-13,7.2,912
2016-04-22T16:18:45+00:00,main,53,Batman v Superman: Dawn of Justice - The Lost Episode (Remastered),Batman v Superman: Dawn of Justice,,209112,Batman v Superman: Dawn of Justice,2016-03-23,5.971,17805
2016-04-25T16:22:01+00:00,main,54,The Matrix,The Matrix,,603,The Matrix,1999-03-31,8.218,25463
2016-04-28T22:44:21+00:00,main,55,The Matrix Reloaded,The Matrix Reloaded,,604,The Matrix Reloaded,2003-05-15,7.1,10844
2016-05-05T20:25:09+00:00,main,56,The Matrix Revolutions,The Matrix Revolutions,,605,The Matrix Revolutions,2003-11-05,6.7,9777
2016-05-16T16:59:37+00:00,main,57,Speed Racer with Emily Yoshida and J.D. Amato,Speed Racer,Emily Yoshida and J.D. Amato,7459,Speed Racer,2008-05-07,6.278,1527
2016-05-20T00:00:00+00:00,main,58,Cloud Atlas with Bobby Finger,Cloud Atlas,Bobby Finger,83542,Cloud Atlas,2012-10-26,6.888,6986
2016-05-27T22:45:02+00:00,main,59,Jupiter Ascending,Jupiter Ascending,,76757,Jupiter Ascending,2015-02-04,5.455,6672
2016-06-03T23:19:16+00:00,main,60,Sense8,Sense8,,10000040,Television override,9999-09-09,0,0
2016-06-10T18:46:53+00:00,main,61,The Animatrix,The Animatrix,,55931,The Animatrix,2003-05-09,7.183,1545
2016-06-17T20:09:34+00:00,main,62,Fletch,Fletch,,9749,Fletch,1985-05-31,6.726,654
2016-06-23T15:41:18+00:00,main,63,Say Anything…,Say Anything…,,2028,Say Anything...,1989-04-14,7.0,968
2016-06-30T18:40:52+00:00,main,64,Singles,Singles,,11068,Singles,1992-09-18,6.375,373
2016-07-07T17:33:40+00:00,main,65,Jerry Maguire,Jerry Maguire,,9390,Jerry Maguire,1996-12-13,6.965,3228
2016-07-15T19:18:49+00:00,main,66,Almost Famous,Almost Famous,,786,Almost Famous,2000-09-15,7.508,2671
2016-07-22T23:01:51+00:00,main,67,Vanilla Sky with Richard Lawson,Vanilla Sky,Richard Lawson,1903,Vanilla Sky,2001-12-14,6.817,4089
2016-07-26T20:59:32+00:00,main,68,Denim Invasion Live @ DCM18 with John Trowbridge,Denim Invasion Live @ DCM18,John Trowbridge,10000080,Television override,9999-09-09,0,0
2016-08-06T22:42:43+00:00,main,69,Suicide Squad,Suicide Squad,,297761,Suicide Squad,2016-08-03,5.919,20954
2016-08-11T19:54:10+00:00,main,70,Elizabethtown,Elizabethtown,,9621,Elizabethtown,2005-10-14,6.191,1067
2016-08-22T00:22:05+00:00,main,71,We Bought a Zoo,We Bought a Zoo,,74465,We Bought a Zoo,2011-12-08,6.794,2657
2016-08-26T22:38:02+00:00,main,72,Aloha with Esther Zuckerman,Aloha,Esther Zuckerman,222936,Aloha,2015-05-29,5.499,2001
2016-09-04T21:16:18+00:00,main,73,Roadies with Layne Montgomery,Roadies,Layne Montgomery,10000020,Television override,9999-09-09,0,0
2016-09-07T17:11:30+00:00,main,74,Under Siege 2: Dark Territory,Under Siege 2: Dark Territory,,3512,Under Siege 2: Dark Territory,1995-07-13,5.831,897
2016-09-18T22:00:00+00:00,main,75,Piranha II: The Spawning,Piranha II: The Spawning,,31646,Piranha II: The Spawning,1982-08-14,4.397,263
2016-09-25T22:00:00+00:00,main,76,The Terminator with Rachel Sanders,The Terminator,Rachel Sanders,218,The Terminator,1984-10-26,7.66,12986
2016-10-01T23:39:58+00:00,main,77,Aliens with Fran Hoepfner,Aliens,Fran Hoepfner,679,Aliens,1986-07-18,7.9,9601
2016-10-07T21:54:22+00:00,main,78,The Abyss with Josh Ruben,The Abyss,Josh Ruben,2756,The Abyss,1989-08-09,7.348,2924
2016-10-16T23:21:06+00:00,main,79,Terminator 2: Judgement Day with Sam Rogal,Terminator 2: Judgement Day,Sam Rogal,280,Terminator 2: Judgment Day,1991-07-03,8.12,12731
2016-10-23T23:29:58+00:00,main,80a,Jack Reacher: Never Go Back,Jack Reacher,,75780,Jack Reacher,2012-12-20,6.63,6922
2016-10-23T23:29:58+00:00,main,80b,Jack Reacher: Never Go Back,Jack Reacher: Never Go Back,,343611,Jack Reacher: Never Go Back,2016-10-19,5.986,4815
2016-10-29T00:00:00+00:00,main,81,True Lies,True Lies,,36955,True Lies,1994-07-15,7.074,4032
2016-11-04T00:00:00+00:00,main,82,Titanic with Emily Yoshida and Katey Rich - Part One,Titanic,Emily Yoshida and Katey Rich - Part One,597,Titanic,1997-11-18,7.906,25152
2016-11-19T00:00:00+00:00,main,84a,Aliens of the Deep/Ghosts of the Abyss,Aliens of the Deep,,22559,Aliens of the Deep,2005-01-28,6.1,66
2016-11-19T00:00:00+00:00,main,84b,Aliens of the Deep/Ghosts of the Abyss,Ghosts of the Abyss,,24982,Ghosts of the Abyss,2003-04-10,6.851,202
2016-11-27T00:00:00+00:00,main,85,Avatar,Avatar,,19995,Avatar,2009-12-15,7.582,31314
2016-12-10T00:00:00+00:00,main,87,The Man Who Knew Too Little,The Man Who Knew Too Little,,9414,The Man Who Knew Too Little,1997-11-14,6.4,483
2016-12-17T00:00:00+00:00,main,88,Rogue One: A Star Wars Story,Rogue One: A Star Wars Story,,330459,Rogue One: A Star Wars Story,2016-12-14,7.494,15100
2017-01-22T00:00:00+00:00,main,92,Split,Split,,381288,Split,2017-01-19,7.345,17185
2017-01-29T00:00:00+00:00,main,93,The Lost World: Jurassic Park,The Lost World: Jurassic Park,,330,The Lost World: Jurassic Park,1997-05-23,6.538,8269
2017-02-05T00:00:00+00:00,main,94,Amistad,Amistad,,11831,Amistad,1997-12-10,7.023,1270
2017-02-12T00:00:00+00:00,main,95,Saving Private Ryan with Richard Lawson,Saving Private Ryan,Richard Lawson,857,Saving Private Ryan,1998-07-24,8.217,15683
2017-02-26T00:00:00+00:00,main,97,A.I. Artificial Intelligence with David Rees,A.I. Artificial Intelligence,David Rees,644,A.I. Artificial Intelligence,2001-06-29,7.043,6066
2017-03-06T10:54:34+00:00,main,98,Minority Report with Joanna Robinson,Minority Report,Joanna Robinson,180,Minority Report,2002-06-20,7.351,8594
2017-03-11T00:00:00+00:00,main,99,Catch Me If You Can,Catch Me If You Can,,640,Catch Me If You Can,2002-12-16,7.977,15478
2017-03-18T00:00:00+00:00,main,100,Blank Check,Blank Check,,13962,Blank Check,1994-02-11,5.895,484
2017-03-26T00:00:00+00:00,main,101,The Terminal with Jerah Milligan,The Terminal,Jerah Milligan,594,The Terminal,2004-06-17,7.344,7788
2017-04-03T00:00:00+00:00,main,102,War of the Worlds with J.D. Amato,War of the Worlds,J.D. Amato,74,War of the Worlds,2005-06-28,6.511,8274
2017-04-10T00:00:00+00:00,main,103,Munich with Emily St. James,Munich,Emily St. James,612,Munich,2005-12-23,7.15,2597
2017-04-16T00:00:00+00:00,main,104,Indiana Jones and the Kingdom of the Crystal Skull with David Ehrlich,Indiana Jones and the Kingdom of the Crystal Skull,David Ehrlich,217,Indiana Jones and the Kingdom of the Crystal Skull,2008-05-21,6.011,8195
2017-04-23T00:00:00+00:00,main,105,The Adventures of Tintin with Joe Garden,The Adventures of Tintin,Joe Garden,17578,The Adventures of Tintin,2011-10-24,6.899,5325
2017-04-30T00:00:00+00:00,main,106,War Horse with Pilot Viruet,War Horse,Pilot Viruet,57212,War Horse,2011-12-25,7.313,3364
2017-05-08T00:00:00+00:00,main,107,Lincoln,Lincoln,,72976,Lincoln,2012-11-09,6.857,3723
2017-05-14T00:00:00+00:00,main,108,Bridge of Spies,Bridge of Spies,,296098,Bridge of Spies,2015-10-15,7.233,6741
2017-05-21T00:00:00+00:00,main,109,The BFG,The BFG,,267935,The BFG,2016-06-01,6.274,3324
2017-05-29T00:00:00+00:00,main,110,Clifford,Clifford,,2778,Clifford,1994-04-01,4.934,91
2017-06-05T00:00:00+00:00,main,111,Wonder Woman,Wonder Woman,,297762,Wonder Woman,2017-05-30,7.225,19792
2017-06-18T21:00:00+00:00,main,113,The Book of Henry,The Book of Henry,,382614,The Book of Henry,2017-06-16,7.526,1277
2017-06-25T21:00:00+00:00,main,114,Following,Following,,11660,Following,1999-05-06,7.15,1565
2017-07-02T21:00:00+00:00,main,115,Memento with Amy Nicholson,Memento,Amy Nicholson,77,Memento,2000-10-11,8.181,14716
2017-07-09T21:00:00+00:00,main,116,Insomnia with Alex Ross Perry,Insomnia,Alex Ross Perry,320,Insomnia,2002-05-24,6.942,4687
2017-07-16T21:00:00+00:00,main,117,Batman Begins,Batman Begins,,272,Batman Begins,2005-06-10,7.7,20763
2017-07-23T21:00:00+00:00,main,118,The Prestige with Alison Willmore,The Prestige,Alison Willmore,1124,The Prestige,2006-10-17,8.204,15873
2017-07-30T21:00:00+00:00,main,119,The Dark Knight,The Dark Knight,,155,The Dark Knight,2008-07-16,8.516,32639
2017-08-06T22:02:29+00:00,main,120,Inception,Inception,,27205,Inception,2010-07-15,8.369,36340
2017-08-13T21:00:00+00:00,main,121,The Dark Knight Rises,The Dark Knight Rises,,49026,The Dark Knight Rises,2012-07-17,7.78,22518
2017-08-20T21:00:00+00:00,main,122,Talking Maul Live @ DCM19 with Peter Serafinowicz,Talking Maul Live @ DCM19,Peter Serafinowicz,10000004,Television override,9999-09-09,0,0
2017-08-27T21:00:00+00:00,main,123,Interstellar,Interstellar,,157336,Interstellar,2014-11-05,8.441,35294
2017-09-03T21:00:00+00:00,main,124,Dunkirk with Bilge Ebiri,Dunkirk,Bilge Ebiri,374720,Dunkirk,2017-07-19,7.456,16335
2017-09-10T21:05:56+00:00,main,126,The Devil Wears Prada with Romilly Newman,The Devil Wears Prada,Romilly Newman,350,The Devil Wears Prada,2006-06-29,7.395,11908
2017-09-17T21:00:00+00:00,main,127,The Loveless,The Loveless,,36826,The Loveless,1984-01-20,5.9,46
2017-09-24T21:00:00+00:00,main,128,Near Dark with Mani Lazic,Near Dark,Mani Lazic,11879,Near Dark,1987-10-02,6.867,732
2017-10-01T21:00:00+00:00,main,129,Blue Steel with Jordan Hoffman,Blue Steel,Jordan Hoffman,9491,Blue Steel,1990-03-16,5.8,390
2017-10-08T21:00:00+00:00,main,130,Point Break with Lux Alptraum,Point Break,Lux Alptraum,1089,Point Break,1991-07-12,7.16,3496
2017-10-15T21:00:00+00:00,main,131,Strange Days with Emily Yoshida,Strange Days,Emily Yoshida,281,Strange Days,1995-10-13,7.001,1315
2017-10-22T21:00:00+00:00,main,132,The Weight of Water with Karen Han and Emma Stefansky,The Weight of Water,Karen Han and Emma Stefansky,13526,The Weight of Water,2001-03-30,5.537,164
2017-10-29T21:00:00+00:00,main,133,K-19: The Widowmaker with Richard Lawson,K-19: The Widowmaker,Richard Lawson,8665,K-19: The Widowmaker,2002-07-19,6.537,1003
2017-11-05T22:00:00+00:00,main,134,The Hurt Locker with Sonia Saraiya,The Hurt Locker,Sonia Saraiya,12162,The Hurt Locker,2008-10-10,7.257,5536
2017-11-12T22:00:00+00:00,main,135,Zero Dark Thirty with Demi Adejuyigbe,Zero Dark Thirty,Demi Adejuyigbe,97630,Zero Dark Thirty,2012-12-19,6.992,4433
2017-11-19T22:00:00+00:00,main,136,Detroit with Black Men Can’t Jump In Hollywood,Detroit,Black Men Can’t Jump In Hollywood,407448,Detroit,2017-07-28,7.29,1615
2017-11-26T22:20:03+00:00,main,137,Justice League,Justice League,,141052,Justice League,2017-11-15,6.084,12831
2017-12-03T22:00:00+00:00,main,138,Lost in Space with Joey Sims,Lost in Space,Joey Sims,2157,Lost in Space,1998-04-03,5.4,1198
2017-12-18T05:01:00+00:00,main,140,The Last Jedi,The Last Jedi,,181808,Star Wars: The Last Jedi,2017-12-13,6.795,15135
2017-12-31T22:00:00+00:00,main,141,The Post,The Post,,446354,The Post,2017-12-22,7.009,4532
2018-01-07T22:00:00+00:00,main,142,Flesh+Blood,Flesh+Blood,,12775,Flesh + Blood,1985-08-30,6.569,368
2018-01-14T22:00:00+00:00,main,143,RoboCop,RoboCop,,5548,RoboCop,1987-07-17,7.327,5044
2018-01-21T22:00:00+00:00,main,144,Total Recall with Andrew Jupin and Stephen Sajdak,Total Recall,Andrew Jupin and Stephen Sajdak,861,Total Recall,1990-06-01,7.3,5700
2018-01-28T22:36:45+00:00,main,145,Basic Instinct with Miriam Bale,Basic Instinct,Miriam Bale,402,Basic Instinct,1992-03-20,6.918,3799
2018-02-12T00:28:14+00:00,main,147,Showgirls with Caroline Framke,Showgirls,Caroline Framke,10802,Showgirls,1995-09-22,5.555,1210
2018-02-18T23:15:15+00:00,main,148,Starship Troopers with J.D. Amato,Starship Troopers,J.D. Amato,563,Starship Troopers,1997-11-07,7.07,4829
2018-02-25T22:00:00+00:00,main,149,Hollow Man with Alex Ross Perry,Hollow Man,Alex Ross Perry,9383,Hollow Man,2000-08-04,5.941,2481
2018-03-04T22:00:00+00:00,main,150,Elle with Emily Yoshida,Elle,Emily Yoshida,337674,Elle,2016-05-25,6.7,1837
2018-03-11T21:00:00+00:00,main,151,Running Scared with Paul Scheer,Running Scared,Paul Scheer,15698,Running Scared,1986-06-27,6.0,195
2018-03-18T21:00:00+00:00,main,153,Terms of Endearment with Valorie Curry,Terms of Endearment,Valorie Curry,11050,Terms of Endearment,1983-11-20,7.091,738
2018-03-25T22:44:57+00:00,main,154,Broadcast News with Katey Rich,Broadcast News,Katey Rich,12626,Broadcast News,1987-12-16,6.735,396
2018-04-01T21:00:00+00:00,main,156,Ready Player One,Ready Player One,,333339,Ready Player One,2018-03-28,7.599,15447
2018-04-08T21:00:00+00:00,main,157,I'll Do Anything with Esther Zuckerman,I'll Do Anything,Esther Zuckerman,106143,I'll Do Anything,1994-02-04,5.6,49
2018-04-15T21:00:00+00:00,main,159,As Good as It Gets with Chris Gethard,As Good as It Gets,Chris Gethard,2898,As Good as It Gets,1997-12-19,7.4,3717
2018-04-22T21:00:00+00:00,main,160,Spanglish with Richard Lawson,Spanglish,Richard Lawson,2539,Spanglish,2004-12-17,6.001,1262
2018-04-29T21:00:00+00:00,main,161,How Do You Know,How Do You Know,,42888,How Do You Know,2010-12-17,5.294,956
2018-05-06T21:00:00+00:00,main,162,Josie and the Pussycats with Angela Ferraguto,Josie and the Pussycats,Angela Ferraguto,19366,Josie and the Pussycats,2001-04-06,5.569,304
2018-05-13T21:00:00+00:00,main,163,The Iron Giant,The Iron Giant,,10386,The Iron Giant,1999-08-06,7.945,5520
2018-05-20T21:00:00+00:00,main,164,The Incredibles with Rebecca Drysdale,The Incredibles,Rebecca Drysdale,9806,The Incredibles,2004-10-27,7.71,17493
2018-05-27T19:00:00+00:00,main,165,Solo: A Star Wars Story,Solo: A Star Wars Story,,348350,Solo: A Star Wars Story,2018-05-15,6.56,8423
2018-06-03T21:00:00+00:00,main,166,Ratatouille with Romilly Newman and Joey Sims,Ratatouille,Romilly Newman and Joey Sims,2062,Ratatouille,2007-06-21,7.824,16879
2018-06-10T21:00:00+00:00,main,167,Mission: Impossible – Ghost Protocol,Mission: Impossible – Ghost Protocol,,56292,Mission: Impossible - Ghost Protocol,2011-12-07,7.089,9769
2018-06-17T21:00:00+00:00,main,168,Tomorrowland,Tomorrowland,,158852,Tomorrowland,2015-05-19,6.275,6905
2018-06-24T21:00:00+00:00,main,169,Incredibles 2,Incredibles 2,,260513,Incredibles 2,2018-06-14,7.465,12736
2018-06-28T08:00:00+00:00,main,170,Family Dog - Amazing Stories,Family Dog - Amazing Stories,,10000100,Television override,9999-09-09,0,0
2018-07-01T21:00:00+00:00,main,171a,Pushing Hands/The Wedding Banquet,Pushing Hands,,25296,推手,1991-12-07,7.254,71
2018-07-01T21:00:00+00:00,main,171b,Pushing Hands/The Wedding Banquet,The Wedding Banquet,,9261,喜宴,1993-03-01,7.214,238
2018-07-08T21:00:00+00:00,main,172,Eat Drink Man Woman with Alison Willmore,Eat Drink Man Woman,Alison Willmore,10451,飲食男女,1994-08-03,7.571,330
2018-07-15T21:00:00+00:00,main,173,Sense and Sensibility with Shirley Li,Sense and Sensibility,Shirley Li,4584,Sense and Sensibility,1995-12-13,7.4,1646
2018-07-22T21:10:13+00:00,main,174a,Hotel Transylvania Trilogy,Hotel Transylvania,,76492,Hotel Transylvania,2012-09-20,6.962,8512
2018-07-22T21:10:13+00:00,main,174b,Hotel Transylvania Trilogy,Hotel Transylvania 2,,159824,Hotel Transylvania 2,2015-09-21,6.777,5676
2018-07-22T21:10:13+00:00,main,174c,Hotel Transylvania Trilogy,Hotel Transylvania 3,,400155,Hotel Transylvania 3: Summer Vacation,2018-06-28,6.866,4352
2018-07-29T21:00:00+00:00,main,175,The Ice Storm with Emily Yoshida,The Ice Storm,Emily Yoshida,68924,The Ice Storm,1997-02-05,6.9,637
2018-08-05T21:01:19+00:00,main,176,Ride with the Devil with Peter Labuza,Ride with the Devil,the Devil,22267,Ride with the Devil,1999-11-24,6.335,182
2018-08-12T21:54:54+00:00,main,177,"Crouching Tiger, Hidden Dragon with David Ehrlich","Crouching Tiger, Hidden Dragon",David Ehrlich,146,卧虎藏龍,2000-07-06,7.4,3154
2018-08-19T21:00:00+00:00,main,178,Hulk,Hulk,,1927,Hulk,2003-06-19,5.551,5703
2018-08-26T21:00:00+00:00,main,179,Brokeback Mountain with Las Culturistas,Brokeback Mountain,Las Culturistas,142,Brokeback Mountain,2005-10-22,7.8,6863
2018-09-02T21:00:00+00:00,main,180,"Lust, Caution with Chris Weitz","Lust, Caution",Chris Weitz,4588,色‧戒,2007-09-24,7.217,683
2018-09-09T21:00:00+00:00,main,181,Taking Woodstock with Alex Ross Perry,Taking Woodstock,Alex Ross Perry,26320,Taking Woodstock,2009-08-26,6.207,428
2018-09-16T21:00:00+00:00,main,182,Life of Pi with Ray Tintori,Life of Pi,Ray Tintori,87827,Life of Pi,2012-11-20,7.4,12938
2018-09-23T21:00:00+00:00,main,183,Billy Lynn's Long Halftime Walk with J.D. Amato,Billy Lynn's Long Halftime Walk,J.D. Amato,293767,Billy Lynn's Long Halftime Walk,2016-11-10,6.015,551
2018-09-27T08:00:00+00:00,main,184,Chosen - The Hire,Chosen - The Hire,,30091,The Hire: Chosen,2001-01-01,6.313,72
2018-09-30T21:00:00+00:00,main,185,Space Jam with James Newman,Space Jam,James Newman,2300,Space Jam,1996-11-15,6.825,5937
2018-10-08T01:07:51+00:00,main,186,A Star Is Born,A Star Is Born,,332562,A Star Is Born,2018-10-03,7.501,11547
2018-10-14T21:00:00+00:00,main,187,The Parent Trap with Elena Lazic and Mani Lazic,The Parent Trap,Elena Lazic and Mani Lazic,9820,The Parent Trap,1998-07-28,7.197,4097
2018-10-21T21:00:00+00:00,main,188,What Women Want with Lola Kirke,What Women Want,Lola Kirke,3981,What Women Want,2000-12-15,6.449,3888
2018-10-28T21:00:00+00:00,main,189,Something's Gotta Give with Bobby Finger,Something's Gotta Give,Bobby Finger,6964,Something's Gotta Give,2003-12-12,6.627,1554
2018-11-04T22:00:00+00:00,main,190,The Holiday with Fran Hoepfner,The Holiday,Fran Hoepfner,1581,The Holiday,2006-12-08,7.094,4950
2018-11-11T22:00:00+00:00,main,191,It's Complicated with Sarah-Violet Bliss,It's Complicated,Sarah-Violet Bliss,22897,It's Complicated,2009-12-23,6.504,1374
2018-11-18T22:00:00+00:00,main,192,The Intern with Jamie Lee,The Intern,Jamie Lee,257211,The Intern,2015-09-23,7.215,6613
2018-11-25T22:00:00+00:00,main,193,Home Again with Richard Lawson,Home Again,Richard Lawson,427900,Home Again,2017-09-07,6.118,1173
2018-12-02T22:00:00+00:00,main,194a,Ralph Breaks the Internet,Wreck-it Ralph,,82690,Wreck-It Ralph,2012-11-01,7.339,12185
2018-12-02T22:00:00+00:00,main,194b,Ralph Breaks the Internet,Ralph Breaks the Internet,,404368,Ralph Breaks the Internet,2018-11-20,7.184,7477
2018-12-09T22:00:00+00:00,main,195,Pee-wee's Big Adventure,Pee-wee's Big Adventure,,5683,Pee-wee's Big Adventure,1985-07-26,6.4,758
2018-12-16T22:00:00+00:00,main,196,Beetlejuice with Rebecca Bulnes,Beetlejuice,Rebecca Bulnes,4011,Beetlejuice,1988-03-30,7.375,7189
2018-12-23T22:00:00+00:00,main,197,Aquaman,Aquaman,,297802,Aquaman,2018-12-07,6.9,13923
2019-01-01T05:00:02+00:00,patreon,2,Iron Man,Iron Man,,1726,Iron Man,2008-04-30,7.646,26171
2019-01-06T09:00:00+00:00,main,198,Batman with K. Austin Collins,Batman,K. Austin Collins,268,Batman,1989-06-21,7.234,7730
2019-01-11T05:00:02+00:00,patreon,3,The Third Blank Check Mailbag/Hulk Live @ Alamo Drafthouse Downtown Brooklyn with James Schamus,Hulk Live,James Schamus,1927,Hulk,2003-06-19,5.551,5703
2019-01-13T09:00:00+00:00,main,199,Edward Scissorhands with Julio Torres,Edward Scissorhands,Julio Torres,162,Edward Scissorhands,1990-12-07,7.7,12755
2019-01-21T00:06:57+00:00,main,200,Glass,Glass,,450465,Glass,2019-01-16,6.676,8360
2019-01-21T05:01:00+00:00,patreon,4,The Incredible Hulk,The Incredible Hulk,,1724,The Incredible Hulk,2008-06-12,6.211,11632
2019-01-27T05:00:00+00:00,main,201,Batman Returns with Emily Yoshida,Batman Returns,Emily Yoshida,364,Batman Returns,1992-06-19,6.928,6414
2019-02-01T05:01:00+00:00,patreon,6,Iron Man 2,Iron Man 2,,10138,Iron Man 2,2010-04-28,6.843,20807
2019-02-03T05:00:00+00:00,main,202,Ed Wood with John Hodgman,Ed Wood,John Hodgman,522,Ed Wood,1994-09-28,7.478,2279
2019-02-10T05:00:00+00:00,main,203,Mars Attacks! with Paul F. Tompkins,Mars Attacks!,Paul F. Tompkins,75,Mars Attacks!,1996-12-13,6.408,5335
2019-02-11T05:00:01+00:00,patreon,7,What Men Want with Angela Ferraguto,What Men Want,Angela Ferraguto,487297,What Men Want,2019-02-08,6.179,1429
2019-02-21T05:08:18+00:00,patreon,8,Thor,Thor,,10195,Thor,2011-04-21,6.769,20964
2019-02-24T17:00:00+00:00,main,205,Sleepy Hollow with David Lowery,Sleepy Hollow,David Lowery,2668,Sleepy Hollow,1999-11-19,7.179,6644
2019-03-01T05:01:01+00:00,patreon,9,Captain America: The First Avenger,Captain America: The First Avenger,,1771,Captain America: The First Avenger,2011-07-22,7.001,21235
2019-03-03T05:00:00+00:00,main,206,Planet of the Apes with Matt Singer,Planet of the Apes,Matt Singer,869,Planet of the Apes,2001-07-25,5.757,4010
2019-03-10T05:00:00+00:00,main,207,Big Fish with Chris Gethard,Big Fish,Chris Gethard,587,Big Fish,2003-12-25,7.761,7091
2019-03-11T04:00:02+00:00,patreon,11,Corpse Bride with J.D. Amato,Corpse Bride,J.D. Amato,3933,Corpse Bride,2005-09-12,7.566,8992
2019-03-17T08:00:00+00:00,main,208,Charlie and the Chocolate Factory with Pilot Viruet,Charlie and the Chocolate Factory,Pilot Viruet,118,Charlie and the Chocolate Factory,2005-07-13,7.052,15010
2019-03-21T04:00:01+00:00,patreon,13,The Avengers,The Avengers,,24428,The Avengers,2012-04-25,7.718,30549
2019-03-24T04:00:00+00:00,main,209,Sweeney Todd: The Demon Barber of Fleet Street with Michael Cerveris,Sweeney Todd: The Demon Barber of Fleet Street,Michael Cerveris,13885,Sweeney Todd: The Demon Barber of Fleet Street,2007-12-20,7.183,5792
2019-03-31T05:44:15+00:00,main,210,Alice in Wonderland with Emily St. James,Alice in Wonderland,Emily St. James,12155,Alice in Wonderland,2010-03-03,6.639,13831
2019-04-01T04:01:00+00:00,patreon,16,Iron Man 3,Iron Man 3,,68721,Iron Man 3,2013-04-18,6.929,21996
2019-04-07T04:00:00+00:00,main,211,Dark Shadows with Jamie Loftus,Dark Shadows,Jamie Loftus,62213,Dark Shadows,2012-05-09,6.1,7097
2019-04-11T21:01:00+00:00,patreon,17,Frankenweenie with Jordan Fish,Frankenweenie,Jordan Fish,62214,Frankenweenie,2012-10-04,6.97,3274
2019-04-14T04:00:00+00:00,main,212,Big Eyes with Richard Lawson,Big Eyes,Richard Lawson,87093,Big Eyes,2014-12-24,6.982,3437
2019-04-21T04:00:00+00:00,main,213,Miss Peregrine's Home for Peculiar Children with Emma Stefansky,Miss Peregrine's Home for Peculiar Children,Emma Stefansky,283366,Miss Peregrine's Home for Peculiar Children,2016-09-27,6.836,9821
2019-04-21T04:00:01+00:00,patreon,18,Thor: The Dark World,Thor: The Dark World,,76338,Thor: The Dark World,2013-10-30,6.5,17128
2019-04-28T04:00:00+00:00,main,214,Dumbo with Karen Han,Dumbo,Karen Han,329996,Dumbo,2019-03-27,6.62,4277
2019-05-01T04:01:00+00:00,patreon,19,Captain America: The Winter Soldier,Captain America: The Winter Soldier,,100402,Captain America: The Winter Soldier,2014-03-20,7.662,18588
2019-05-05T04:00:00+00:00,main,215,Assassin's Creed,Assassin's Creed,,121856,Assassin's Creed,2016-12-21,5.426,7639
2019-05-12T04:00:00+00:00,main,216,Pokémon: Detective Pikachu with Dan Hernandez & Benji Samit,Pokémon: Detective Pikachu,Dan Hernandez & Benji Samit,447404,Pokémon Detective Pikachu,2019-05-03,6.932,6746
2019-05-19T04:00:00+00:00,main,217,Thief,Thief,,11524,Thief,1981-03-27,7.16,670
2019-05-21T13:53:01+00:00,patreon,22,Guardians of the Galaxy,Guardians of the Galaxy,,118340,Guardians of the Galaxy,2014-07-30,7.907,27845
2019-05-26T04:00:00+00:00,main,218,The Keep with Alex Ross Perry,The Keep,Alex Ross Perry,26198,The Keep,1983-12-16,5.7,240
2019-06-01T17:55:43+00:00,patreon,23,Avengers: Age of Ultron,Avengers: Age of Ultron,,99861,Avengers: Age of Ultron,2015-04-22,7.274,22807
2019-06-02T04:00:00+00:00,main,219,Manhunter with Chris Cabin and Eric Szyszka,Manhunter,Chris Cabin and Eric Szyszka,11454,Manhunter,1986-08-14,7.016,1313
2019-06-09T04:00:00+00:00,main,220,The Last of the Mohicans with Dana Stevens,The Last of the Mohicans,Dana Stevens,9361,The Last of the Mohicans,1992-08-26,7.387,3023
2019-06-16T04:00:00+00:00,main,221,Heat with Jon Gabrus,Heat,Jon Gabrus,949,Heat,1995-12-15,7.917,7205
2019-06-21T04:01:00+00:00,patreon,25,Ant-Man,Ant-Man,,102899,Ant-Man,2015-07-14,7.077,19576
2019-06-23T04:00:00+00:00,main,222,The Insider with Andy Levy,The Insider,Andy Levy,9008,The Insider,1999-10-28,7.5,1782
2019-06-30T04:00:00+00:00,main,223,Ali with Jamelle Bouie,Ali,Jamelle Bouie,8489,Ali,2001-12-10,6.753,1686
2019-07-01T04:00:02+00:00,patreon,26,Captain America: Civil War with Alejandro Kolleeny,Captain America: Civil War,Alejandro Kolleeny,271110,Captain America: Civil War,2016-04-27,7.444,22508
2019-07-07T04:00:00+00:00,main,224,Collateral with Katey Rich,Collateral,Katey Rich,1538,Collateral,2004-08-04,7.224,5503
2019-07-14T04:00:00+00:00,main,225,Miami Vice,Miami Vice,,82,Miami Vice,2006-07-27,6.004,1744
2019-07-21T04:00:00+00:00,main,226a,The Lion King,Lion King,,420818,The Lion King,2019-07-12,7.115,9899
2019-07-21T04:00:00+00:00,main,226b,The Lion King,Cats,,536869,Cats,2019-12-19,4.1,953
2019-07-21T04:01:00+00:00,patreon,28,Doctor Strange,Doctor Strange,,284052,Doctor Strange,2016-10-25,7.424,21949
2019-07-28T05:00:00+00:00,main,227,Public Enemies with Fran Hoepfner,Public Enemies,Fran Hoepfner,11322,Public Enemies,2009-07-01,6.688,4378
2019-08-01T04:00:00+00:00,main,228,Miami Vice - Pilot Episode,Miami Vice - Pilot Episode,,10000003,Television override,9999-09-09,0,0
2019-08-01T04:00:02+00:00,patreon,29,Guardians of the Galaxy Vol. 2 with David Ehrlich,Guardians of the Galaxy Vol. 2,David Ehrlich,283995,Guardians of the Galaxy Vol. 2,2017-04-19,7.619,21388
2019-08-04T04:00:00+00:00,main,229,Blackhat with Bilge Ebiri,Blackhat,Bilge Ebiri,201088,Blackhat,2015-01-13,5.489,1993
2019-08-11T04:00:00+00:00,main,230,The Castle of Cagliostro,The Castle of Cagliostro,,15371,ルパン三世 カリオストロの城,1979-07-06,7.539,1008
2019-08-18T04:00:00+00:00,main,231,Nausicaä of the Valley of the Wind with Lulu Wang,Nausicaä of the Valley of the Wind,Lulu Wang,81,風の谷のナウシカ,1984-03-11,7.939,3521
2019-08-21T04:03:32+00:00,patreon,31,Spider-Man: Homecoming with Alex Ross Perry,Spider-Man: Homecoming,Alex Ross Perry,315635,Spider-Man: Homecoming,2017-07-05,7.336,21585
2019-08-25T04:00:00+00:00,main,232,Castle in the Sky with Emily Yoshida,Castle in the Sky,Emily Yoshida,10515,天空の城ラピュタ,1986-08-02,7.979,4134
2019-09-01T04:00:00+00:00,main,233,My Neighbor Totoro with J.D. Amato,My Neighbor Totoro,J.D. Amato,8392,となりのトトロ,1988-04-16,8.069,7869
2019-09-01T04:00:02+00:00,patreon,32,Thor: Ragnarok with Emma Stefansky,Thor: Ragnarok,Emma Stefansky,284053,Thor: Ragnarok,2017-10-02,7.591,20588
2019-09-08T04:00:00+00:00,main,234,Kiki's Delivery Service with Caroline Framke,Kiki's Delivery Service,Caroline Framke,16859,魔女の宅急便,1989-07-29,7.826,3992
2019-09-15T04:00:00+00:00,main,235,Porco Rosso with Justin Charity,Porco Rosso,Justin Charity,11621,紅の豚,1992-07-18,7.796,3240
2019-09-21T04:00:01+00:00,patreon,34,Black Panther with Jamelle Bouie,Black Panther,Jamelle Bouie,284054,Black Panther,2018-02-13,7.383,22023
2019-09-22T04:00:00+00:00,main,236,Princess Mononoke with Griffin McElroy,Princess Mononoke,Griffin McElroy,128,もののけ姫,1997-07-12,8.337,7917
2019-09-29T04:00:00+00:00,main,237,Spirited Away with David Rees,Spirited Away,David Rees,129,千と千尋の神隠し,2001-07-20,8.537,16368
2019-10-01T04:01:00+00:00,patreon,35,Avengers: Infinity War with John Hodgman,Avengers: Infinity War,John Hodgman,299536,Avengers: Infinity War,2018-04-25,8.246,29513
2019-10-06T04:00:00+00:00,main,238,Howl's Moving Castle with David Ehrlich,Howl's Moving Castle,David Ehrlich,4935,ハウルの動く城,2004-09-09,8.404,9778
2019-10-11T04:01:00+00:00,patreon,36,Whisper of the Heart with Ramona Head,Whisper of the Heart,Ramona Head,37797,耳をすませば,1995-07-15,7.946,1949
2019-10-13T04:00:00+00:00,main,239,Joker,Joker,,475557,Joker,2019-10-01,8.154,25286
2019-10-20T04:00:00+00:00,main,240,Gemini Man,Gemini Man,,453405,Gemini Man,2019-10-02,6.296,5057
2019-10-21T04:00:01+00:00,patreon,37,Ant-Man and the Wasp,Ant-Man and the Wasp,,363088,Ant-Man and the Wasp,2018-07-04,6.932,13160
2019-10-27T04:00:00+00:00,main,241,Ponyo on the Cliff with Shirley Li,Ponyo on the Cliff,Shirley Li,12429,崖の上のポニョ,2008-07-19,7.743,4240
2019-11-01T04:00:02+00:00,patreon,38,Captain Marvel with Esther Zuckerman,Captain Marvel,Esther Zuckerman,299537,Captain Marvel,2019-03-06,6.815,15552
2019-11-03T04:00:00+00:00,main,242,The Wind Rises,The Wind Rises,,149870,風立ちぬ,2013-07-20,7.79,2965
2019-11-07T05:00:00+00:00,main,243,The Kingdom of Dreams and Madness,The Kingdom of Dreams and Madness,,252511,夢と狂気の王国,2013-11-16,7.535,173
2019-11-10T05:00:00+00:00,main,244a,Caged Heat/ Crazy Mama/ Fighting Mad,Caged Heat,,39775,Caged Heat,1974-04-19,4.893,62
2019-11-10T05:00:00+00:00,main,244b,Caged Heat/ Crazy Mama/ Fighting Mad,Crazy Mama,,89602,Crazy Mama,1975-06-01,5.7,13
2019-11-10T05:00:00+00:00,main,244c,Caged Heat/ Crazy Mama/ Fighting Mad,Fighting Mad,,86209,Fighting Mad,1976-02-21,5.3,6
2019-11-17T05:00:00+00:00,main,245a,Citizens Band/ Last Embrace with Justin McElroy ,Citizens Band,Justin McElroy ,85325,Citizens Band,1977-05-18,4.964,14
2019-11-17T05:00:00+00:00,main,245b,Citizens Band/ Last Embrace with Justin McElroy ,Last Embrace,Justin McElroy ,37923,Last Embrace,1979-05-04,5.4,63
2019-11-21T05:00:01+00:00,patreon,40,Avengers: Endgame,Avengers: Endgame,,299534,Avengers: Endgame,2019-04-24,8.251,25426
2019-11-24T05:00:00+00:00,main,246,Melvin and Howard (and Jordan Hoffman),Melvin and Howard,,38772,Melvin and Howard,1980-09-19,6.4,63
2019-12-01T05:00:00+00:00,main,247,Swing Shift,Swing Shift,,18446,Swing Shift,1984-04-13,5.721,70
2019-12-01T05:01:01+00:00,patreon,41,Spider-Man: Far From Home,Spider-Man: Far From Home,,429617,Spider-Man: Far From Home,2019-06-28,7.426,15503
2019-12-08T05:00:00+00:00,main,248,Stop Making Sense with Demi Adejuyigbe,Stop Making Sense,Demi Adejuyigbe,24128,Stop Making Sense,1984-11-16,8.3,270
2019-12-11T05:00:01+00:00,patreon,42,Swimming to Cambodia with Peter Newman,Swimming to Cambodia,Peter Newman,42015,Swimming to Cambodia,1987-03-13,6.6,21
2019-12-15T05:00:00+00:00,main,249,Something Wild with Scott Aukerman ,Something Wild,Scott Aukerman ,11300,Something Wild,1986-11-07,6.54,322
2019-12-22T05:00:00+00:00,main,250,The Rise of Skywalker ,The Rise of Skywalker,,181812,Star Wars: The Rise of Skywalker,2019-12-18,6.3,9789
2020-01-01T05:01:00+00:00,patreon,44,Solo,Solo,,348350,Solo: A Star Wars Story,2018-05-15,6.56,8423
2020-01-05T05:00:00+00:00,main,251,Married to the Mob with Ang Ferraguto,Married to the Mob,Ang Ferraguto,2321,Married to the Mob,1988-08-19,5.915,271
2020-01-12T05:00:00+00:00,main,252,Silence of the Lambs with Emily St. James,Silence of the Lambs,Emily St. James,274,The Silence of the Lambs,1991-02-14,8.349,16119
2020-01-19T05:00:00+00:00,main,253,Philadelphia with Richard Lawson,Philadelphia,Richard Lawson,9800,Philadelphia,1993-12-22,7.724,4175
2020-01-21T05:01:04+00:00,patreon,46,Rogue One with Chris Weitz,Rogue One,Chris Weitz,330459,Rogue One: A Star Wars Story,2016-12-14,7.494,15100
2020-01-26T05:00:00+00:00,main,254,Beloved with Jourdain Searles ,Beloved,Jourdain Searles ,39437,Beloved,1998-10-16,5.7,95
2020-02-01T05:00:04+00:00,patreon,48,Star Wars,Star Wars,,11,Star Wars,1977-05-25,8.204,20445
2020-02-09T05:00:00+00:00,main,256,The Truth About Charlie with David Lowery,The Truth About Charlie,David Lowery,13440,The Truth About Charlie,2002-10-25,4.9,168
2020-02-16T05:00:00+00:00,main,257,"Birds of Prey with Ang Ferraguto, Emma Stefansky, Ashleigh Heaton, and Preeti Chhibber",Birds of Prey,"Ang Ferraguto, Emma Stefansky, Ashleigh Heaton, and Preeti Chhibber",163017,Le Rapace,1968-04-06,6.667,33
2020-02-21T05:00:02+00:00,patreon,50,The Empire Strikes Back,The Empire Strikes Back,,1891,The Empire Strikes Back,1980-05-20,8.392,16809
2020-02-23T05:00:00+00:00,main,258a,"The Manchurian Candidate with the Flop House: Dan McCoy, Stuart Wellington, and Elliott Kalan",The Manchurian Candidate,"the Flop House: Dan McCoy, Stuart Wellington, and Elliott Kalan",982,The Manchurian Candidate,1962-10-24,7.524,691
2020-02-23T05:00:00+00:00,main,258b,"The Manchurian Candidate with the Flop House: Dan McCoy, Stuart Wellington, and Elliott Kalan",The Manchurian Candidate,"the Flop House: Dan McCoy, Stuart Wellington, and Elliott Kalan",14462,The Manchurian Candidate,2004-07-30,6.463,1498
2020-03-01T05:00:00+00:00,main,259,Rachel Getting Married with Ayo Edibiri and Olivia Craighead,Rachel Getting Married,Ayo Edibiri and Olivia Craighead,14976,Rachel Getting Married,2008-09-03,6.3,554
2020-03-01T05:00:03+00:00,patreon,51,Return of the Jedi,Return of the Jedi,,1892,Return of the Jedi,1983-05-25,7.898,15534
2020-03-08T05:00:00+00:00,main,260a,A Master Builder with John Hodgman,A Master Builder,John Hodgman,268536,A Master Builder,2014-07-23,6.114,22
2020-03-08T05:00:00+00:00,main,260b,A Master Builder with John Hodgman,Playmobil: The Movie,John Hodgman,366668,Playmobil: The Movie,2019-06-10,5.616,275
2020-03-11T11:33:08+00:00,patreon,53a,THX 1138/American Graffiti,THX-1138,,636,THX 1138,1971-03-11,6.444,930
2020-03-11T11:33:08+00:00,patreon,53b,THX 1138/American Graffiti,American Graffiti,,838,American Graffiti,1973-08-11,7.032,1399
2020-03-15T16:00:00+00:00,main,261,Ricki and the Flash with Bobby Finger & Lindsey Weber,Ricki and the Flash,Bobby Finger & Lindsey Weber,275601,Ricki and the Flash,2015-07-10,5.778,695
2020-03-19T04:00:00+00:00,main,262,Justin Timberlake + The Tennessee Kids ,Justin Timberlake + The Tennessee Kids,,408619,Justin Timberlake + The Tennessee Kids,2016-09-13,7.5,45
2020-03-21T04:00:02+00:00,patreon,55,The Force Awakens,The Force Awakens,,140607,Star Wars: The Force Awakens,2015-12-15,7.3,19210
2020-03-29T15:42:54+00:00,main,264,Mad Max,Mad Max,,9659,Mad Max,1979-04-12,6.689,4384
2020-04-01T04:00:03+00:00,patreon,57,The Last Jedi,The Last Jedi,,181808,Star Wars: The Last Jedi,2017-12-13,6.795,15135
2020-04-05T04:00:00+00:00,main,265,Mad Max 2: The Road Warrior with Jon Gabrus,Mad Max 2: The Road Warrior,Jon Gabrus,8810,Mad Max 2,1981-12-24,7.394,3682
2020-04-11T04:00:02+00:00,patreon,59,Trolls: The Experience with Richard Lawson,Trolls: The Experience,Richard Lawson,136799,Trolls,2016-10-13,6.6,3541
2020-04-12T04:00:00+00:00,main,266,Mad Max Beyond Thunderdome with David Ehrlich,Mad Max Beyond Thunderdome,David Ehrlich,9355,Mad Max Beyond Thunderdome,1985-06-29,6.219,2876
2020-04-19T16:00:00+00:00,main,267,The Witches of Eastwick with K. Austin Collins,The Witches of Eastwick,K. Austin Collins,6069,The Witches of Eastwick,1987-06-12,6.529,1368
2020-04-21T04:00:01+00:00,patreon,60,The Rise of Skywalker,The Rise of Skywalker,,181812,Star Wars: The Rise of Skywalker,2019-12-18,6.3,9789
2020-04-26T04:00:00+00:00,main,268,Lorenzo's Oil with Bilge Ebiri,Lorenzo's Oil,Bilge Ebiri,2007,Lorenzo's Oil,1992-12-30,7.076,523
2020-05-01T04:16:00+00:00,patreon,61,Babe with Emily Yoshida,Babe,Emily Yoshida,9598,Babe,1995-07-18,6.237,2848
2020-05-03T14:29:51+00:00,main,269,Babe: Pig in the City with Travis McElroy,Babe: Pig in the City,Travis McElroy,9447,Babe: Pig in the City,1998-11-25,5.606,1217
2020-05-10T04:00:00+00:00,main,270,Happy Feet with Caitlin Durante,Happy Feet,Caitlin Durante,9836,Happy Feet,2006-11-16,6.19,5021
2020-05-11T04:01:00+00:00,patreon,62,Toy Story,Toy Story,,862,Toy Story,1995-10-30,7.972,18223
2020-05-17T16:38:03+00:00,main,271,Happy Feet Two with Sara Rubin,Happy Feet Two,Sara Rubin,65759,Happy Feet Two,2011-11-17,6.135,1570
2020-05-21T04:00:03+00:00,patreon,63,Toy Story 2,Toy Story 2,,863,Toy Story 2,1999-10-30,7.598,13704
2020-05-24T04:48:02+00:00,main,272,Mad Max: Fury Road with Emily Yoshida,Mad Max: Fury Road,Emily Yoshida,76341,Mad Max: Fury Road,2015-05-13,7.6,22434
2020-05-28T08:00:00+00:00,main,273,"Twilight Zone: Nightmare at 20,000 Feet","Twilight Zone: Nightmare at 20,000 Feet",,10000060,Television override,9999-09-09,0,0
2020-05-31T03:30:00+00:00,main,274,Stargate,Stargate,,2164,Stargate,1994-10-28,7.005,3369
2020-06-01T04:01:01+00:00,patreon,64,Toy Story 3,Toy Story 3,,10193,Toy Story 3,2010-06-16,7.8,14537
2020-06-07T04:21:50+00:00,main,275,When Harry Met Sally... with Dana Stevens,When Harry Met Sally...,Dana Stevens,639,When Harry Met Sally...,1989-07-21,7.4,4024
2020-06-11T04:00:01+00:00,patreon,65a,Toy Story Toons,Toy Story of Terror,,213121,Toy Story of Terror!,2013-10-16,7.198,922
2020-06-11T04:00:01+00:00,patreon,65b,Toy Story Toons,Toy Story That Time Forgot,,256835,Toy Story That Time Forgot,2014-12-02,7.009,961
2020-06-11T04:00:01+00:00,patreon,65c,Toy Story Toons,Small Fry,,82424,Small Fry,2011-11-23,6.875,538
2020-06-11T04:00:01+00:00,patreon,65d,Toy Story Toons,Hawaiian Vacation,,77887,Hawaiian Vacation,2011-06-16,6.97,654
2020-06-11T04:00:01+00:00,patreon,65e,Toy Story Toons,Partysaurus Rex,,130925,Partysaurus Rex,2012-09-14,7.138,474
2020-06-14T04:00:00+00:00,main,276,This Is My Life with Michelle Collins,This Is My Life,Michelle Collins,41776,This Is My Life,1992-02-21,6.1,15
2020-06-21T04:00:00+00:00,main,277,Sleepless in Seattle with Katey Rich,Sleepless in Seattle,Katey Rich,858,Sleepless in Seattle,1993-06-24,6.7,2297
2020-06-21T04:00:01+00:00,patreon,66,Toy Story 4,Toy Story 4,,301528,Toy Story 4,2019-06-19,7.492,9679
2020-06-28T04:00:00+00:00,main,278,Mixed Nuts with Charles Rogers ,Mixed Nuts,Charles Rogers ,24070,Mixed Nuts,1994-12-21,5.427,186
2020-07-01T04:01:01+00:00,patreon,67,Mission: Impossible,Mission: Impossible,,954,Mission: Impossible,1996-05-22,6.99,8784
2020-07-05T04:00:00+00:00,main,279,Michael with Kevin Porter,Michael,Kevin Porter,2928,Michael,1996-12-25,5.707,620
2020-07-11T04:00:01+00:00,patreon,68,Hanging Up with Sonia Sarayia,Hanging Up,Sonia Sarayia,10385,Hanging Up,2000-02-16,5.199,166
2020-07-12T04:00:00+00:00,main,280,You've Got Mail with Bobby Finger & Lindsey Weber,You've Got Mail,Bobby Finger & Lindsey Weber,9489,You've Got Mail,1998-12-18,6.685,3216
2020-07-19T04:00:00+00:00,main,281,Lucky Numbers with Alex Ross Perry,Lucky Numbers,Alex Ross Perry,10783,Lucky Numbers,2000-10-27,5.13,177
2020-07-21T04:01:00+00:00,patreon,69,Mission: Impossible 2,Mission: Impossible II,,955,Mission: Impossible II,2000-05-24,6.128,6644
2020-07-26T04:00:00+00:00,main,282,Bewitched with Dana Schwartz,Bewitched,Dana Schwartz,9722,Bewitched,2005-06-21,5.053,1516
2020-08-01T04:01:03+00:00,patreon,70,Mission: Impossible 3,Mission: Impossible III,,956,Mission: Impossible III,2006-04-25,6.739,6700
2020-08-02T04:00:00+00:00,main,283,Julie & Julia with Romilly Newman ,Julie & Julia,Romilly Newman ,24803,Julie & Julia,2009-08-06,6.695,2046
2020-08-09T04:00:00+00:00,main,284,Love & Basketball with Carl Tart,Love & Basketball,Carl Tart,14736,Love & Basketball,2000-04-21,7.4,419
2020-08-11T04:15:04+00:00,patreon,71,Disappearing Acts,Disappearing Acts,,45602,Disappearing Acts,2000-12-09,6.459,37
2020-08-16T04:00:00+00:00,main,285,The Secret Life of Bees with Jourdain Searles,The Secret Life of Bees,Jourdain Searles,12837,The Secret Life of Bees,2008-09-17,7.478,506
2020-08-20T05:44:24+00:00,patreon,72,Mission: Impossible - Ghost Protocol,Mission: Impossible - Ghost Protocol,,56292,Mission: Impossible - Ghost Protocol,2011-12-07,7.089,9769
2020-08-23T05:02:13+00:00,main,286,Beyond the Lights with Ayo Edebiri,Beyond the Lights,Ayo Edebiri,241771,Beyond the Lights,2014-11-14,6.865,367
2020-08-30T04:07:10+00:00,main,287,The Old Guard ,The Old Guard,,547016,The Old Guard,2020-07-10,7.145,4098
2020-09-01T04:18:57+00:00,patreon,73,Mission: Impossible - Rogue Nation,Mission: Impossible - Rogue Nation,,177677,Mission: Impossible - Rogue Nation,2015-07-23,7.206,8719
2020-09-06T04:07:19+00:00,main,288,I Wanna Hold Your Hand with Patrick Willems,I Wanna Hold Your Hand,Patrick Willems,55457,I Wanna Hold Your Hand,1978-04-01,6.302,101
2020-09-11T04:30:16+00:00,patreon,74,The Way of the Gun,The Way of the Gun,,1619,The Way of the Gun,2000-09-08,6.299,420
2020-09-13T05:05:47+00:00,main,289,Used Cars with Jason Mantzoukas & Paul Scheer,Used Cars,Jason Mantzoukas & Paul Scheer,14475,Used Cars,1980-07-11,6.3,242
2020-09-20T04:00:00+00:00,main,290,Romancing the Stone with Adam Kempenaar & Josh Larsen,Romancing the Stone,Adam Kempenaar & Josh Larsen,9326,Romancing the Stone,1984-03-30,6.759,1786
2020-09-21T04:01:00+00:00,patreon,75,Mission: Impossible - Fallout,Mission: Impossible - Fallout,,353081,Mission: Impossible - Fallout,2018-07-13,7.431,8109
2020-09-27T05:04:08+00:00,main,291,Back to the Future,Back to the Future,,105,Back to the Future,1985-07-03,8.318,19738
2020-10-01T04:00:04+00:00,patreon,76,Alien,Alien,,348,Alien,1979-05-25,8.2,14560
2020-10-04T09:10:32+00:00,main,292,Who Framed Roger Rabbit with Mike Mitchell & Nick Wiger,Who Framed Roger Rabbit,Mike Mitchell & Nick Wiger,856,Who Framed Roger Rabbit,1988-06-21,7.526,5608
2020-10-11T04:00:00+00:00,main,293,Back to the Future Part II with Nicole Byer,Back to the Future Part II,Nicole Byer,165,Back to the Future Part II,1989-11-22,7.764,12624
2020-10-18T04:00:00+00:00,main,294,Back to the Future Part III with Josh Gondelman,Back to the Future Part III,Josh Gondelman,196,Back to the Future Part III,1990-05-25,7.478,10377
2020-10-21T04:02:09+00:00,patreon,78,Aliens,Aliens,,679,Aliens,1986-07-18,7.9,9601
2020-10-25T06:03:30+00:00,main,295,Death Becomes Her with Katey Rich,Death Becomes Her,Katey Rich,9374,Death Becomes Her,1992-07-30,6.761,2562
2020-11-01T04:00:00+00:00,main,296,Forrest Gump with Jamelle Bouie,Forrest Gump,Jamelle Bouie,13,Forrest Gump,1994-06-23,8.473,27223
2020-11-01T04:00:03+00:00,patreon,79,Alien 3,Alien3,,8077,Alien³,1992-05-22,6.4,5571
2020-11-08T14:11:49+00:00,main,297,Contact with Jamie Bell,Contact,Jamie Bell,686,Contact,1997-07-11,7.4,4392
2020-11-11T05:01:01+00:00,patreon,80a,Tales from the Crypt,Tales from the Crypt: And All Through the Night,,10000070,Television override,9999-09-09,0,0
2020-11-11T05:01:01+00:00,patreon,80b,Tales from the Crypt,Tales from the Crypt: Yellow,,10000071,Television override,9999-09-09,0,0
2020-11-11T05:01:01+00:00,patreon,80c,Tales from the Crypt,"Tales from the Crypt: You, Murderer",,10000072,Television override,9999-09-09,0,0
2020-11-15T04:45:00+00:00,main,298,What Lies Beneath with Starlee Kine,What Lies Beneath,Starlee Kine,2655,What Lies Beneath,2000-07-21,6.413,1789
2020-11-21T17:01:01+00:00,patreon,81,Alien: Resurrection,Alien: Resurrection,,8078,Alien Resurrection,1997-11-12,6.2,4846
2020-11-22T05:01:38+00:00,main,299,Cast Away with Nia DaCosta,Cast Away,Nia DaCosta,8358,Cast Away,2000-12-22,7.664,11248
2020-11-29T05:00:00+00:00,main,300,The Polar Express with Joey Sims,The Polar Express,Joey Sims,5255,The Polar Express,2004-11-10,6.719,6186
2020-12-01T05:01:01+00:00,patreon,82,Prometheus,Prometheus,,70981,Prometheus,2012-05-30,6.6,12067
2020-12-06T05:00:00+00:00,main,301,Beowulf with Jordan Hoffman,Beowulf,Jordan Hoffman,2310,Beowulf,2007-11-05,5.897,2781
2020-12-11T05:16:20+00:00,patreon,83,Drive-In Special,Armageddon,,95,Armageddon,1998-07-01,6.837,7833
2020-12-13T05:34:10+00:00,main,302,A Christmas Carol with Emily St. James,A Christmas Carol,Emily St. James,17979,A Christmas Carol,2009-11-04,6.88,4492
2020-12-20T05:00:00+00:00,main,303,Flight with Olivia Craighead,Flight,Olivia Craighead,87502,Flight,2012-11-02,6.843,5901
2020-12-21T05:00:02+00:00,patreon,84,Alien: Covenant,Alien: Covenant,,126889,Alien: Covenant,2017-05-09,6.1,8518
2020-12-27T05:30:00+00:00,main,304,The Walk with J.D. Amato,The Walk,J.D. Amato,285783,The Walk,2015-09-30,6.986,3126
2021-01-01T05:00:05+00:00,patreon,85,Crocodile Dundee,Crocodile Dundee,,9671,Crocodile Dundee,1986-09-26,6.412,1866
2021-01-03T05:45:02+00:00,main,305,Wonder Woman 1984,Wonder Woman 1984,,464052,Wonder Woman 1984,2020-12-16,6.4,8347
2021-01-10T05:00:00+00:00,main,306,teneT,teneT,,577922,Tenet,2020-08-22,7.185,9740
2021-01-17T05:00:00+00:00,main,307,Allied with Chris Weitz,Allied,Chris Weitz,369885,Allied,2016-02-12,6.792,4482
2021-01-21T05:01:00+00:00,patreon,87,Crocodile Dundee II,Crocodile Dundee II,,9396,Crocodile Dundee II,1988-05-19,5.8,1078
2021-01-24T10:00:00+00:00,main,308,Welcome to Marwen with Emily Yoshida,Welcome to Marwen,Emily Yoshida,351044,Welcome to Marwen,2018-12-21,6.55,1117
2021-01-31T04:59:00+00:00,main,309,The Witches with Richard Lawson,The Witches,Richard Lawson,531219,Roald Dahl's The Witches,2020-10-26,6.377,2776
2021-02-01T05:00:04+00:00,patreon,88,Crocodile Dundee in Los Angeles,Crocodile Dundee in Los Angeles,,9290,Crocodile Dundee in Los Angeles,2001-04-12,5.2,598
2021-02-07T05:00:00+00:00,main,310,The Great Mouse Detective with Fran Hoepfner,The Great Mouse Detective,Fran Hoepfner,9994,The Great Mouse Detective,1986-07-02,7.056,1614
2021-02-14T06:00:00+00:00,main,311,The Little Mermaid with Esther Zuckerman,The Little Mermaid,Esther Zuckerman,10144,The Little Mermaid,1989-11-17,7.355,7789
2021-02-21T05:00:00+00:00,main,312,Aladdin with Jerah Milligan,Aladdin,Jerah Milligan,812,Aladdin,1992-11-25,7.653,11133
2021-02-21T12:00:02+00:00,patreon,90,Star Trek: The Motion Picture,Star Trek: The Motion Picture,,152,Star Trek: The Motion Picture,1979-12-07,6.472,1704
2021-02-28T04:58:00+00:00,main,313,Hercules with Larry Owens,Hercules,Larry Owens,11970,Hercules,1997-06-13,7.507,7310
2021-03-01T04:58:00+00:00,patreon,91,Star Trek II: The Wrath of Khan,Star Trek II: The Wrath of Khan,,154,Star Trek II: The Wrath of Khan,1982-06-04,7.446,1887
2021-03-07T05:00:00+00:00,main,314,Treasure Planet with Emma Stefansky,Treasure Planet,Emma Stefansky,9016,Treasure Planet,2002-11-26,7.549,4123
2021-03-11T05:00:03+00:00,patreon,93a,The Return of Jafar + Aladdin and the King of Thieves,The Return of Jafar,,15969,The Return of Jafar,1994-05-20,6.2,3318
2021-03-11T05:00:03+00:00,patreon,93b,The Return of Jafar + Aladdin and the King of Thieves,Aladdin and the King of Thieves,,11238,Aladdin and the King of Thieves,1996-05-20,6.3,1825
2021-03-14T05:00:00+00:00,main,315,The Princess and the Frog with James III,The Princess and the Frog,James III,10198,The Princess and the Frog,2009-12-08,7.214,5519
2021-03-21T04:00:00+00:00,main,316,Moana with Lenika Cruz,Moana,Lenika Cruz,277834,Moana,2016-10-13,7.571,12250
2021-03-21T04:01:00+00:00,patreon,95,Star Trek III: The Search for Spock,Star Trek III: The Search for Spock,,157,Star Trek III: The Search for Spock,1984-06-01,6.6,1342
2021-04-01T04:01:02+00:00,patreon,97,Star Trek IV: The Voyage Home,Star Trek IV: The Voyage Home,,168,Star Trek IV: The Voyage Home,1986-11-26,7.137,1463
2021-04-04T04:00:00+00:00,main,318,A New Leaf,A New Leaf,,36850,A New Leaf,1971-03-11,7.2,160
2021-04-11T04:00:00+00:00,main,319,The Heartbreak Kid with Avery Edison,The Heartbreak Kid,Avery Edison,40687,The Heartbreak Kid,1972-12-17,6.6,85
2021-04-11T04:01:00+00:00,patreon,98,Turkish Star Trek,Ömer the Tourist in Star Trek,,161334,Turist Ömer Uzay Yolunda,1973-01-01,6.2,46
2021-04-18T04:00:00+00:00,main,320,Mikey and Nicky with Olivia Craighead,Mikey and Nicky,Olivia Craighead,59143,Mikey and Nicky,1976-12-21,6.831,148
2021-04-21T04:01:01+00:00,patreon,99,Star Trek V: The Final Frontier,Star Trek V: The Final Frontier,,172,Star Trek V: The Final Frontier,1989-06-09,5.7,1158
2021-04-25T04:00:00+00:00,main,321,Ishtar with Clint McElroy,Ishtar,Clint McElroy,12704,Ishtar,1987-05-15,4.503,143
2021-05-01T16:01:03+00:00,patreon,100,Star Trek VI: The Undiscovered Country,Star Trek VI: The Undiscovered Country,,174,Star Trek VI: The Undiscovered Country,1991-12-06,7.005,1248
2021-05-02T04:00:00+00:00,main,322,Don Jon with Hollywood Handbook,Don Jon,Hollywood Handbook,138697,Don Jon,2013-09-12,6.011,4235
2021-05-09T04:00:00+00:00,main,323,Boyz n the Hood with Aisha Harris,Boyz n the Hood,Aisha Harris,650,Boyz n the Hood,1991-07-12,7.6,1948
2021-05-16T04:00:00+00:00,main,324,Poetic Justice with Jourdain Searles,Poetic Justice,Jourdain Searles,8291,Poetic Justice,1993-07-23,6.9,248
2021-05-21T04:00:03+00:00,patreon,102,Twilight,Twilight,,8966,Twilight,2008-11-20,6.291,13372
2021-05-23T04:00:00+00:00,main,325,Higher Learning with Micah Peters,Higher Learning,Micah Peters,16295,Higher Learning,1995-01-11,6.339,208
2021-05-30T04:00:00+00:00,main,326,Rosewood with Jamelle Bouie,Rosewood,Jamelle Bouie,25624,Rosewood,1997-02-21,6.535,101
2021-06-01T04:00:04+00:00,patreon,103,New Moon with Chris Weitz,New Moon,Chris Weitz,18239,The Twilight Saga: New Moon,2009-11-18,5.996,9073
2021-06-06T04:00:00+00:00,main,327a,Shaft with Demi Adejuyigbe,Shaft,Demi Adejuyigbe,482,Shaft,1971-06-25,6.438,356
2021-06-06T04:00:00+00:00,main,327b,Shaft with Demi Adejuyigbe,Shaft,Demi Adejuyigbe,479,Shaft,2000-06-15,6.013,1250
2021-06-06T04:00:00+00:00,main,327c,Shaft with Demi Adejuyigbe,Shaft,Demi Adejuyigbe,486131,Shaft,2019-06-14,6.548,1688
2021-06-11T04:01:00+00:00,patreon,104,Don't Be a Menace to South Central While Drinking Your Juice in the Hood,Don't Be a Menace to South Central While Drinking Your Juice in the Hood,,10607,Don't Be a Menace to South Central While Drinking Your Juice in the Hood,1996-01-12,7.014,1290
2021-06-13T04:00:00+00:00,main,328,Baby Boy with Ayo Edebiri,Baby Boy,Ayo Edebiri,16161,Baby Boy,2001-06-27,7.166,296
2021-06-20T04:00:00+00:00,main,329,2 Fast 2 Furious with Jon Gabrus,2 Fast 2 Furious,Jon Gabrus,584,2 Fast 2 Furious,2003-06-05,6.505,7361
2021-06-21T04:00:02+00:00,patreon,105,Eclipse,Eclipse,,24021,The Twilight Saga: Eclipse,2010-06-23,6.206,8649
2021-06-27T04:00:00+00:00,main,330,Four Brothers with Jonathan Braylock,Four Brothers,Jonathan Braylock,8292,Four Brothers,2005-08-11,6.764,2089
2021-07-01T04:00:05+00:00,patreon,106,Breaking Dawn – Part 1,Breaking Dawn – Part 1,,50619,The Twilight Saga: Breaking Dawn - Part 1,2011-11-16,6.199,8663
2021-07-04T04:00:00+00:00,main,331,Abduction with Jason Concepcion,Abduction,Jason Concepcion,59965,Abduction,2011-09-22,5.866,2845
2021-07-11T04:00:00+00:00,main,332,Joe Dirt,Joe Dirt,,10956,Joe Dirt,2001-04-10,5.591,705
2021-07-11T04:00:02+00:00,patreon,107,The Host,The Host,,72710,The Host,2013-03-22,6.3,3878
2021-07-18T06:00:00+00:00,main,333,Clifford 2: Hyper-Clifford with Tom Scharpling,Clifford 2: Hyper-Clifford,Tom Scharpling,2778,Clifford,1994-04-01,4.934,91
2021-07-21T04:00:03+00:00,patreon,108,Breaking Dawn: Part 2,Breaking Dawn: Part 2,,50620,The Twilight Saga: Breaking Dawn - Part 2,2012-11-13,6.463,8786
2021-07-25T04:00:00+00:00,main,334,Space Jam: A New Legacy with James Newman,Space Jam: A New Legacy,James Newman,379686,Space Jam: A New Legacy,2021-07-08,6.733,3976
2021-08-01T04:00:00+00:00,main,335,Old with Marie Bardi,Old,Marie Bardi,631843,Old,2021-07-21,6.338,4359
2021-08-01T04:01:04+00:00,patreon,109,Pitch Black,Pitch Black,,2787,Pitch Black,2000-02-18,6.845,4343
2021-08-08T04:00:00+00:00,main,336,Dark Star with Emily Yoshida,Dark Star,Emily Yoshida,1410,Dark Star,1974-04-01,5.946,546
2021-08-11T05:06:29+00:00,patreon,110,F9: Our Return to Theaters,F9,,385128,F9,2021-05-19,7.08,7128
2021-08-15T04:00:00+00:00,main,337,Assault on Precinct 13 with April Wolfe,Assault on Precinct 13,April Wolfe,17814,Assault on Precinct 13,1976-10-08,7.273,1055
2021-08-21T04:48:44+00:00,patreon,111,The Chronicles of Riddick,The Chronicles of Riddick,,2789,The Chronicles of Riddick,2004-06-11,6.5,4002
2021-08-22T04:00:00+00:00,main,338,Halloween with Alex Ross Perry,Halloween,Alex Ross Perry,948,Halloween,1978-10-24,7.558,5484
2021-08-29T04:00:00+00:00,main,339,The Fog with Nia DaCosta,The Fog,Nia DaCosta,790,The Fog,1980-02-07,6.726,1514
2021-09-01T04:01:03+00:00,patreon,112,Riddick,Riddick,,87421,Riddick,2013-09-02,6.309,4008
2021-09-05T04:00:00+00:00,main,340,Escape from New York with Karen Han,Escape from New York,Karen Han,1103,Escape from New York,1981-05-23,7.071,3095
2021-09-11T04:01:01+00:00,patreon,113,Someone's Watching Me!,Someone's Watching Me!,,31428,Someone's Watching Me!,1978-11-29,6.188,128
2021-09-12T04:00:00+00:00,main,341a,The Thing with Emily St. James,The Thing,Emily St. James,1091,The Thing,1982-06-25,8.061,6864
2021-09-12T04:00:00+00:00,main,341b,The Thing with Emily St. James,The Thing from Another World,Emily St. James,10785,The Thing from Another World,1951-04-05,6.72,586
2021-09-19T04:00:00+00:00,main,342,Christine with Scott Wampler & Eric Vespe,Christine,Scott Wampler & Eric Vespe,8769,Christine,1983-12-09,6.854,1936
2021-09-22T04:00:24+00:00,patreon,115,The Mummy (1999),The Mummy (1999),,564,The Mummy,1999-04-16,6.936,8954
2021-09-26T04:00:00+00:00,main,343,Starman with Katey Rich,Starman,Katey Rich,9663,Starman,1984-12-13,6.912,846
2021-10-01T04:00:04+00:00,patreon,116,The Mummy Returns,The Mummy Returns,,1734,The Mummy Returns,2001-05-04,6.374,6944
2021-10-03T04:00:00+00:00,main,344,Big Trouble in Little China with Jason Mantzoukas & Paul Scheer,Big Trouble in Little China,Jason Mantzoukas & Paul Scheer,6978,Big Trouble in Little China,1986-05-30,7.2,2952
2021-10-10T04:00:00+00:00,main,345,Prince of Darkness with Keith Phipps,Prince of Darkness,Keith Phipps,8852,Prince of Darkness,1987-10-23,6.793,982
2021-10-11T04:00:03+00:00,patreon,117,Elvis with Layne Montgomery & Aidan Shepard,Elvis,Layne Montgomery & Aidan Shepard,40047,Elvis,1979-02-10,6.793,121
2021-10-17T04:00:00+00:00,main,346,They Live! with Mike Mitchell & Nick Wiger,They Live!,Mike Mitchell & Nick Wiger,8337,They Live,1988-11-04,7.295,2980
2021-10-21T04:00:03+00:00,patreon,119,The Mummy: Tomb of the Dragon Emperor,The Mummy: Tomb of the Dragon Emperor,,1735,The Mummy: Tomb of the Dragon Emperor,2008-07-01,5.494,4374
2021-10-24T04:00:00+00:00,main,347,Memoirs of an Invisible Man with Alan Sepinwall,Memoirs of an Invisible Man,Alan Sepinwall,2687,Memoirs of an Invisible Man,1992-02-28,5.887,562
2021-10-31T04:00:00+00:00,main,348,In the Mouth of Madness with Angelica Jade Bastién,In the Mouth of Madness,Angelica Jade Bastién,2654,In the Mouth of Madness,1995-02-03,7.203,1624
2021-11-01T04:00:07+00:00,patreon,120,The Mummy (2017),The Mummy (2017),,282035,The Mummy,2017-06-06,5.516,7134
2021-11-07T04:00:00+00:00,main,349,Village of the Damned with Amy Nicholson,Village of the Damned,Amy Nicholson,12122,Village of the Damned,1995-04-28,6.077,801
2021-11-11T05:01:01+00:00,patreon,121a,The Scorpion King (and NOT Body Bags),The Scorpion King,,9334,The Scorpion King,2002-04-18,5.6,3083
2021-11-11T05:01:01+00:00,patreon,121b,The Scorpion King (and NOT Body Bags),Body Bags,,31578,Body Bags,1993-08-08,6.131,318
2021-11-14T05:02:31+00:00,main,350,Escape from L.A. with Matt Gourley & Paul Rust,Escape from L.A.,Matt Gourley & Paul Rust,10061,Escape from L.A.,1996-08-09,5.859,1408
2021-11-21T05:00:00+00:00,main,351,John Carpenter’s Vampires with David Ehrlich,John Carpenter’s Vampires,David Ehrlich,9945,Vampires,1998-10-30,6.307,1220
2021-11-21T05:01:49+00:00,patreon,122,The Santa Clause,The Santa Clause,,11395,The Santa Clause,1994-11-11,6.486,2011
2021-11-28T05:00:00+00:00,main,352,Ghosts of Mars with Dave Schilling & Jonah Ray,Ghosts of Mars,Dave Schilling & Jonah Ray,10016,Ghosts of Mars,2001-08-24,5.113,1065
2021-12-01T05:00:10+00:00,patreon,123,The Santa Clause 2,The Santa Clause 2,,9021,The Santa Clause 2,2002-09-29,5.967,1276
2021-12-05T05:00:00+00:00,main,353,The Ward with Drew McWeeny,The Ward,Drew McWeeny,45657,The Ward,2010-09-13,5.776,1183
2021-12-12T06:00:01+00:00,main,354,Benedetta with Marie Bardi,Benedetta,Marie Bardi,454527,Benedetta,2021-07-09,6.6,973
2021-12-19T05:00:00+00:00,main,355,West Side Story (2021),West Side Story (2021),,511809,West Side Story,2021-12-08,7.001,1526
2021-12-21T05:00:41+00:00,patreon,125,The Santa Clause 3,The Santa Clause 3,,13767,The Santa Clause 3: The Escape Clause,2006-11-02,5.513,1048
2022-01-01T05:00:07+00:00,patreon,126,Ghostbusters,Ghostbusters,,620,Ghostbusters,1984-06-08,7.5,8827
2022-01-02T08:00:01+00:00,main,356,The Matrix Resurrections,The Matrix Resurrections,,624860,The Matrix Resurrections,2021-12-16,6.409,5650
2022-01-09T05:00:00+00:00,main,357,Two Friends,Two Friends,,123067,Two Friends,1986-05-13,5.9,11
2022-01-16T05:00:00+00:00,main,358,Sweetie with Sarah-Violet Bliss,Sweetie,Sarah-Violet Bliss,65015,Sweetie,1989-09-28,6.068,95
2022-01-21T05:00:02+00:00,patreon,128,Ghostbusters II,Ghostbusters II,,2978,Ghostbusters II,1989-06-16,6.6,4360
2022-01-23T05:00:00+00:00,main,359,An Angel at My Table with Dana Stevens,An Angel at My Table,Dana Stevens,2891,An Angel at My Table,1990-09-20,7.0,153
2022-01-30T05:00:00+00:00,main,360,The Piano with Esther Zuckerman,The Piano,Esther Zuckerman,713,The Piano,1993-05-18,7.382,1454
2022-02-01T04:59:09+00:00,patreon,129,Ghostbusters: Answer the Call,Ghostbusters: Answer the Call,,43074,Ghostbusters,2016-07-14,5.357,6362
2022-02-06T05:00:00+00:00,main,361,The Portrait of a Lady with Marie Bardi,The Portrait of a Lady,Marie Bardi,36758,The Portrait of a Lady,1996-10-17,5.993,228
2022-02-11T05:01:02+00:00,patreon,130,Top of the Lake with Sonia Saraiya,Top of the Lake,Sonia Saraiya,10000010,Television override,9999-09-09,0,0
2022-02-13T05:00:00+00:00,main,362,Holy Smoke! with Kyle Buchanan,Holy Smoke!,Kyle Buchanan,13787,Holy Smoke,1999-09-04,5.611,199
2022-02-20T05:00:00+00:00,main,363,In the Cut with Jourdain Searles,In the Cut,Jourdain Searles,10944,In the Cut,2003-10-22,5.1,414
2022-02-21T05:01:01+00:00,patreon,131,Ghostbusters: Afterlife,Ghostbusters: Afterlife,,425909,Ghostbusters: Afterlife,2021-11-18,7.386,4537
2022-02-27T05:00:00+00:00,main,364,Bright Star with Fran Hoepfner,Bright Star,Fran Hoepfner,29963,Bright Star,2009-09-18,6.612,439
2022-03-01T06:16:10+00:00,patreon,133,The Matrix,The Matrix,,603,The Matrix,1999-03-31,8.218,25463
2022-03-06T05:00:00+00:00,main,365,The Power of The Dog with Richard Lawson,The Power of The Dog,Richard Lawson,600583,The Power of the Dog,2021-10-25,6.782,2611
2022-03-11T05:00:32+00:00,patreon,134,Top of the Lake: China Girl with Alan Sepinwall,Top of the Lake: China Girl,Alan Sepinwall,10000011,Television override,9999-09-09,0,0
2022-03-20T04:00:00+00:00,main,367,The Evil Dead,The Evil Dead,,764,The Evil Dead,1981-09-10,7.296,3921
2022-03-21T04:05:02+00:00,patreon,136,The Matrix Reloaded,The Matrix Reloaded,,604,The Matrix Reloaded,2003-05-15,7.1,10844
2022-03-27T04:00:00+00:00,main,368,Crimewave with Brendan Hines,Crimewave,Brendan Hines,21627,Crimewave,1985-04-12,5.5,134
2022-04-01T04:00:06+00:00,patreon,138,The Matrix Revolutions,The Matrix Revolutions,,605,The Matrix Revolutions,2003-11-05,6.7,9777
2022-04-03T04:00:00+00:00,main,369,Evil Dead II with John Hodgman,Evil Dead II,John Hodgman,765,Evil Dead II,1987-03-13,7.557,3069
2022-04-10T04:00:00+00:00,main,370,Darkman with Chris Weitz,Darkman,Chris Weitz,9556,Darkman,1990-08-24,6.43,1344
2022-04-11T04:01:02+00:00,patreon,139,Evil Dead (2013) with Marie Bardi,Evil Dead (2013),Marie Bardi,109428,Evil Dead,2013-04-05,6.553,4544
2022-04-17T04:00:00+00:00,main,371,Army of Darkness with Eva Anderson,Army of Darkness,Eva Anderson,766,Army of Darkness,1992-10-31,7.257,3097
2022-04-21T06:30:10+00:00,patreon,140,The Matrix Resurrections,The Matrix Resurrections,,624860,The Matrix Resurrections,2021-12-16,6.409,5650
2022-04-24T04:00:00+00:00,main,372,The Quick and The Dead with Roman Mars,The Quick and The Dead,Roman Mars,12106,The Quick and the Dead,1995-02-09,6.542,1701
2022-05-01T04:00:00+00:00,main,373,A Simple Plan with Kevin Smith,A Simple Plan,Kevin Smith,10223,A Simple Plan,1998-12-11,7.177,891
2022-05-01T04:35:48+00:00,patreon,141,Batman (1966),Batman (1966),,2661,Batman,1966-07-30,6.421,936
2022-05-08T04:00:00+00:00,main,374,For Love of the Game with Olivia Craighead,For Love of the Game,Olivia Craighead,10390,For Love of the Game,1999-09-17,6.46,410
2022-05-15T04:00:00+00:00,main,375,The Gift with Starlee Kine,The Gift,Starlee Kine,2046,The Gift,2000-03-16,6.419,1174
2022-05-21T04:01:00+00:00,patreon,143,Batman: Mask of the Phantasm,Batman: Mask of the Phantasm,,14919,Batman: Mask of the Phantasm,1993-12-25,7.468,1081
2022-05-22T04:00:00+00:00,main,376,Spider-Man with Matt Singer,Spider-Man,Matt Singer,557,Spider-Man,2002-05-01,7.301,18880
2022-05-29T04:00:00+00:00,main,377,Spider-Man 2 with Chris Gethard,Spider-Man 2,Chris Gethard,558,Spider-Man 2,2004-06-25,7.286,14970
2022-06-01T05:30:01+00:00,patreon,144,Batman Forever,Batman Forever,,414,Batman Forever,1995-06-16,5.432,5089
2022-06-05T04:00:00+00:00,main,378,Spider-Man 3 with Jamelle Bouie,Spider-Man 3,Jamelle Bouie,559,Spider-Man 3,2007-05-01,6.43,13958
2022-06-11T04:01:01+00:00,patreon,145,"OLD DOGS - Blank Check LIVE! at the Bell House (May 12, 2022)",Old Dogs,,22949,Old Dogs,2009-11-24,5.551,723
2022-06-12T04:00:00+00:00,main,379,Drag Me to Hell with Jamie Loftus & Caitlin Durante,Drag Me to Hell,Jamie Loftus & Caitlin Durante,16871,Drag Me to Hell,2009-05-27,6.426,3635
2022-06-19T04:00:00+00:00,main,380,Oz the Great and Powerful with Dana Schwartz,Oz the Great and Powerful,Dana Schwartz,68728,Oz the Great and Powerful,2013-03-07,5.916,6439
2022-06-21T04:01:00+00:00,patreon,146,Batman & Robin,Batman & Robin,,415,Batman & Robin,1997-06-20,4.4,4939
2022-06-26T04:00:00+00:00,main,381,Doctor Strange in the Multiverse of Madness with Patrick Willems,Doctor Strange in the Multiverse of Madness,Patrick Willems,453395,Doctor Strange in the Multiverse of Madness,2022-05-04,7.286,9003
2022-07-01T04:01:03+00:00,patreon,148,Batman v Superman: Dawn of Justice (Ultimate Edition),Batman v Superman: Dawn of Justice - Ultimate Edition,,209112,Batman v Superman: Dawn of Justice,2016-03-23,5.971,17805
2022-07-01T04:01:27+00:00,patreon,149,Batman v Superman: Dawn of Justice - The Lost Episode (Remastered),Batman v Superman: Dawn of Justice - The Lost Episode,,209112,Batman v Superman: Dawn of Justice,2016-03-23,5.971,17805
2022-07-03T04:00:00+00:00,main,382,Sweet Charity,Sweet Charity,,42618,Sweet Charity,1969-02-25,6.815,73
2022-07-10T04:00:00+00:00,main,383,Cabaret with Rachel Zegler,Cabaret,Rachel Zegler,10784,Cabaret,1972-02-13,7.401,867
2022-07-11T04:00:04+00:00,patreon,150,Liza with a Z,Liza with a Z,Marie Bardi,88496,Liza with a Z,1972-09-10,7.4,13
2022-07-17T04:00:00+00:00,main,384,Lenny with Colin Quinn,Lenny,Colin Quinn,27094,Lenny,1974-11-10,7.243,255
2022-07-21T04:01:04+00:00,patreon,151,The Lego Batman Movie,The Lego Batman Movie,,324849,The Lego Batman Movie,2017-02-08,7.226,4931
2022-07-24T04:00:00+00:00,main,385,All That Jazz with Lin-Manuel Miranda,All That Jazz,Lin-Manuel Miranda,16858,All That Jazz,1979-12-16,7.452,493
2022-07-31T04:00:00+00:00,main,386,Star 80 with Julie Klausner,Star 80,Julie Klausner,30707,Star 80,1983-11-10,6.442,121
2022-08-01T04:01:39+00:00,patreon,152,The Batman,The Batman,,414906,The Batman,2022-03-01,7.672,10085
2022-08-07T04:00:00+00:00,main,387a,Fear & Desire / Killer's Kiss,Fear and Desire,,10165,Fear and Desire,1953-03-31,5.445,491
2022-08-07T04:00:00+00:00,main,387b,Fear & Desire / Killer's Kiss,Killer's Kiss,,10056,Killer's Kiss,1955-10-01,6.351,533
2022-08-11T04:00:03+00:00,patreon,153,"SULLY - Blank Check LIVE! at the Bell House (June 8, 2022)",Sully,,363676,Sully,2016-09-07,7.19,7084
2022-08-14T04:00:00+00:00,main,388,The Killing with Patton Oswalt,The Killing,Patton Oswalt,247,The Killing,1956-06-06,7.654,1505
2022-08-21T04:00:00+00:00,main,389,Paths of Glory with Sarah Marshall,Paths of Glory,Sarah Marshall,975,Paths of Glory,1957-10-25,8.272,2864
2022-08-21T04:01:00+00:00,patreon,154,Live and Let Die,Live and Let Die,,253,Live and Let Die,1973-06-27,6.502,2004
2022-08-28T04:00:00+00:00,main,390,Spartacus with Richard Lawson,Spartacus,Richard Lawson,967,Spartacus,1960-10-13,7.551,2106
2022-09-01T04:01:24+00:00,patreon,155,The Man with the Golden Gun,The Man with the Golden Gun,,682,The Man with the Golden Gun,1974-12-04,6.4,1999
2022-09-04T04:00:00+00:00,main,391,Lolita with Fran Hoepfner,Lolita,Fran Hoepfner,802,Lolita,1962-06-13,7.336,2024
2022-09-11T04:00:00+00:00,main,392,Three Thousand Years of Longing,Three Thousand Years of Longing,,556694,Three Thousand Years of Longing,2022-08-24,6.88,1311
2022-09-11T04:01:01+00:00,patreon,156,The Spy Who Loved Me,The Spy Who Loved Me,,691,The Spy Who Loved Me,1977-07-07,6.791,1942
2022-09-18T04:00:00+00:00,main,393,Pinocchio (2022) with Podcast: The Ride,Pinocchio (2022),Podcast: The Ride,532639,Pinocchio,2022-09-07,6.355,1564
2022-09-21T04:06:06+00:00,patreon,157,"Confess, Fletch","Confess, Fletch",,724665,"Confess, Fletch",2022-09-16,6.3,282
2022-09-25T04:00:00+00:00,main,394,The Woman King,The Woman King,,724495,The Woman King,2022-09-16,7.673,2016
2022-10-01T04:01:01+00:00,patreon,158,Moonraker,Moonraker,,698,Moonraker,1979-06-26,6.157,1937
2022-10-02T04:00:00+00:00,main,395,Dr. Strangelove... with Sean Fennessey,Dr. Strangelove...,Sean Fennessey,935,Dr. Strangelove or: How I Learned to Stop Worrying and Love the Bomb,1964-01-29,8.12,5550
2022-10-09T04:00:00+00:00,main,396,2001: A Space Odyssey with Jordan Hoffman,2001: A Space Odyssey,Jordan Hoffman,62,2001: A Space Odyssey,1968-04-02,8.073,11383
2022-10-11T04:01:00+00:00,patreon,159,For Your Eyes Only,For Your Eyes Only,,699,For Your Eyes Only,1981-06-24,6.523,1817
2022-10-16T04:00:00+00:00,main,397,A Clockwork Orange with Alex Ross Perry,A Clockwork Orange,Alex Ross Perry,185,A Clockwork Orange,1971-12-19,8.197,12727
2022-10-21T04:01:00+00:00,patreon,160,2010: The Year We Make Contact,2010: The Year We Make Contact,,4437,2010,1984-12-06,6.648,913
2022-10-23T04:00:00+00:00,main,398,Barry Lyndon with Karina Longworth,Barry Lyndon,Karina Longworth,3175,Barry Lyndon,1975-12-18,8.009,2767
2022-10-30T04:00:00+00:00,main,399,The Shining with Timothy Simons,The Shining,Timothy Simons,694,The Shining,1980-05-23,8.2,17290
2022-11-01T04:00:07+00:00,patreon,161,Octopussy,Octopussy,,700,Octopussy,1983-06-05,6.325,1934
2022-11-06T04:00:00+00:00,main,400,Full Metal Jacket with Jon Gabrus,Full Metal Jacket,Jon Gabrus,600,Full Metal Jacket,1987-06-26,8.132,10355
2022-11-11T05:01:01+00:00,patreon,162,Doctor Sleep,Doctor Sleep,,501170,Doctor Sleep,2019-10-30,7.151,4333
2022-11-13T05:00:00+00:00,main,401,Eyes Wide Shut with David Ehrlich,Eyes Wide Shut,David Ehrlich,345,Eyes Wide Shut,1999-07-16,7.485,6084
2022-11-20T05:00:00+00:00,main,402,The Fabelmans,The Fabelmans,,804095,The Fabelmans,2022-11-11,7.6,2252
2022-11-21T05:00:05+00:00,patreon,163,A View to a Kill,A View to a Kill,,707,A View to a Kill,1985-05-24,6.224,1935
2022-11-27T05:00:00+00:00,main,403,The Nightmare Before Christmas with Michael Rianda,The Nightmare Before Christmas,Michael Rianda,9479,The Nightmare Before Christmas,1993-10-09,7.835,9313
2022-12-01T05:02:27+00:00,patreon,164,National Treasure,National Treasure,,2059,National Treasure,2004-11-19,6.634,6236
2022-12-04T14:19:26+00:00,main,404,James and the Giant Peach with Emma Stefansky,James and the Giant Peach,Emma Stefansky,10539,James and the Giant Peach,1996-04-12,6.559,1295
2022-12-11T05:00:00+00:00,main,405,Monkeybone with Justin McElroy,Monkeybone,Justin McElroy,23685,Monkeybone,2001-02-23,5.115,318
2022-12-18T05:00:00+00:00,main,406,Avatar: The Way of Water with Marie Bardi,Avatar: The Way of Water,Marie Bardi,76600,Avatar: The Way of Water,2022-12-14,7.6,11759
2022-12-21T05:00:05+00:00,patreon,166,National Treasure: Book of Secrets,National Treasure: Book of Secrets,,6637,National Treasure: Book of Secrets,2007-12-13,6.355,5065
2023-01-01T05:01:01+00:00,patreon,167,Koyaanisqatsi,Koyaanisqatsi,,11314,Koyaanisqatsi,1983-04-27,7.873,663
2023-01-08T05:00:00+00:00,main,407,Coraline with J.D. Amato,Coraline,J.D. Amato,14836,Coraline,2009-02-05,7.886,7895
2023-01-15T05:00:00+00:00,main,408,Wendell & Wild,Wendell & Wild,,511817,Wendell & Wild,2022-10-21,6.71,314
2023-01-21T05:01:00+00:00,patreon,169,Powaqqatsi,Powaqqatsi,,24348,Powaqqatsi,1988-04-29,7.301,156
2023-01-22T05:00:00+00:00,main,409,Shallow Grave,Shallow Grave,,9905,Shallow Grave,1994-12-22,6.996,987
2023-01-29T05:00:00+00:00,main,410,Trainspotting with Charles Rogers,Trainspotting,Charles Rogers,627,Trainspotting,1996-02-23,8.0,9534
2023-02-01T05:01:00+00:00,patreon,170,Naqoyqatsi,Naqoyqatsi,,21925,Naqoyqatsi,2002-09-02,6.12,133
2023-02-05T05:00:00+00:00,main,411,A Life Less Ordinary with Janet Varney,A Life Less Ordinary,Janet Varney,8067,A Life Less Ordinary,1997-10-24,6.109,440
2023-02-11T05:09:19+00:00,patreon,171,Street Fighter,Street Fighter,,11667,Street Fighter,1994-12-23,4.575,1449
2023-02-12T05:00:00+00:00,main,412,Knock at the Cabin with Marie Bardi,Knock at the Cabin,Marie Bardi,631842,Knock at the Cabin,2023-02-01,6.289,2557
2023-02-19T05:00:00+00:00,main,413,The Beach with Emily Yoshida,The Beach,Emily Yoshida,1907,The Beach,2000-02-03,6.482,4300
2023-02-21T05:01:00+00:00,patreon,172,Men in Black,Men in Black,,607,Men in Black,1997-07-02,7.2,13615
2023-02-26T05:00:00+00:00,main,414,28 Days Later with David Rees,28 Days Later,David Rees,170,28 Days Later,2002-10-31,7.226,6616
2023-03-01T05:00:03+00:00,patreon,174,Men in Black II,Men in Black II,,608,Men in Black II,2002-07-03,6.371,9804
2023-03-11T05:00:02+00:00,patreon,175,28 Weeks Later,28 Weeks Later,,1562,28 Weeks Later,2007-04-26,6.606,4226
2023-03-12T05:00:00+00:00,main,416,Millions with Adam Kempenaar,Millions,Adam Kempenaar,13373,Millions,2004-04-29,6.396,370
2023-03-19T04:00:00+00:00,main,417,Sunshine,Sunshine,,1272,Sunshine,2007-04-05,7.0,3721
2023-03-21T04:00:03+00:00,patreon,177,Men in Black 3,Men in Black 3,,41154,Men in Black 3,2012-05-23,6.523,10201
2023-03-26T04:00:00+00:00,main,418,Slumdog Millionaire with Siddhant Adlakha,Slumdog Millionaire,Siddhant Adlakha,12405,Slumdog Millionaire,2008-11-12,7.73,10448
2023-04-01T04:00:37+00:00,patreon,180,Men in Black: International,Men in Black: International,,479455,Men in Black: International,2019-06-12,5.9,4835
2023-04-02T04:00:00+00:00,main,419,127 Hours with Sean Clements,127 Hours,Sean Clements,44115,127 Hours,2010-11-12,7.083,7420
2023-04-09T04:00:00+00:00,main,420,Trance with Nia DaCosta,Trance,Nia DaCosta,68727,Trance,2013-03-27,6.627,2151
2023-04-11T04:00:02+00:00,patreon,181,2012 Summer Olympics Opening Ceremony,2012 Summer Olympics Opening Ceremony,,123024,London 2012 Olympic Opening Ceremony: Isles of Wonder,2012-07-27,7.721,68
2023-04-16T04:00:00+00:00,main,421,Steve Jobs with Olivia Craighead,Steve Jobs,Olivia Craighead,321697,Steve Jobs,2015-10-09,6.778,4070
2023-04-21T04:01:01+00:00,patreon,182,Planet of the Apes,Planet of the Apes,,871,Planet of the Apes,1968-02-07,7.651,3491
2023-04-23T04:00:00+00:00,main,422,T2 Trainspotting with Scott Aukerman & Shaun Diston,T2 Trainspotting,Scott Aukerman & Shaun Diston,180863,T2 Trainspotting,2017-01-27,6.9,3086
2023-04-30T04:00:00+00:00,main,423,Yesterday with Zach Cherry,Yesterday,Zach Cherry,515195,Yesterday,2019-06-26,6.699,3866
2023-05-01T04:00:06+00:00,patreon,183,Beneath the Planet of the Apes,Beneath the Planet of the Apes,,1685,Beneath the Planet of the Apes,1970-04-23,6.167,1299
2023-05-07T04:00:00+00:00,main,424a,Three Ages / Our Hospitality with Dana Stevens,Three Ages,Dana Stevens,32628,Three Ages,1923-09-24,6.817,120
2023-05-07T04:00:00+00:00,main,424b,Three Ages / Our Hospitality with Dana Stevens,Our Hospitality,Dana Stevens,701,Our Hospitality,1923-11-19,7.507,267
2023-05-11T04:00:02+00:00,patreon,184a,Buster Keaton Shorts with Dana Stevens,The Cook,Dana Stevens,51471,The Cook,1918-09-15,6.2,71
2023-05-11T04:00:02+00:00,patreon,184b,Buster Keaton Shorts with Dana Stevens,One Week,Dana Stevens,23282,One Week,1920-08-29,7.892,263
2023-05-11T04:00:02+00:00,patreon,184c,Buster Keaton Shorts with Dana Stevens,The High Sign,Dana Stevens,46510,The High Sign,1921-04-18,7.078,109
2023-05-11T04:00:02+00:00,patreon,184d,Buster Keaton Shorts with Dana Stevens,The Playhouse,Dana Stevens,51362,The Play House,1921-10-26,6.75,126
2023-05-11T04:00:02+00:00,patreon,184e,Buster Keaton Shorts with Dana Stevens,Cops,Dana Stevens,38742,Cops,1922-03-11,7.136,187
2023-05-11T04:00:02+00:00,patreon,184f,Buster Keaton Shorts with Dana Stevens,The Balloonatic,Dana Stevens,45807,The Balloonatic,1923-01-22,6.304,84
2023-05-14T04:00:00+00:00,main,425a,Sherlock Jr. / The Navigator with James Urbaniak,Sherlock Jr.,James Urbaniak,992,Sherlock Jr.,1924-04-17,8.068,969
2023-05-14T04:00:00+00:00,main,425b,Sherlock Jr. / The Navigator with James Urbaniak,The Navigator,James Urbaniak,32318,The Navigator,1924-09-28,7.117,226
2023-05-21T04:00:00+00:00,main,426a,Seven Chances / Go West with Jamie Loftus,Seven Chances,Jamie Loftus,32600,Seven Chances,1925-03-15,7.517,263
2023-05-21T04:00:00+00:00,main,426b,Seven Chances / Go West with Jamie Loftus,Go West,Jamie Loftus,33015,Go West,1925-11-01,6.856,125
2023-05-21T04:00:02+00:00,patreon,185,Escape from the Planet of the Apes,Escape from the Planet of the Apes,,1687,Escape from the Planet of the Apes,1971-05-20,6.371,1054
2023-05-28T04:00:00+00:00,main,427a,Battling Butler / The General with Jamelle Bouie,Battling Butler,Jamelle Bouie,51371,Battling Butler,1926-08-02,6.799,87
2023-05-28T04:00:00+00:00,main,427b,Battling Butler / The General with Jamelle Bouie,The General,Jamelle Bouie,961,The General,1926-12-25,7.961,1215
2023-06-01T04:01:01+00:00,patreon,186,Conquest of the Planet of the Apes,Conquest of the Planet of the Apes,,1688,Conquest of the Planet of the Apes,1972-06-29,6.174,934
2023-06-04T04:00:00+00:00,main,428a,"College / Steamboat Bill, Jr. with John Hodgman",College,John Hodgman,34847,College,1927-09-10,6.8,113
2023-06-04T04:00:00+00:00,main,428b,"College / Steamboat Bill, Jr. with John Hodgman","Steamboat Bill, Jr.",John Hodgman,25768,"Steamboat Bill, Jr.",1928-05-09,7.6,327
2023-06-11T04:00:00+00:00,main,429a,The Cameraman / Spite Marriage,The Cameraman,,31411,The Cameraman,1928-09-10,7.868,360
2023-06-11T04:00:00+00:00,main,429b,The Cameraman / Spite Marriage,Spite Marriage,,51303,Spite Marriage,1929-03-24,6.7,53
2023-06-18T04:00:00+00:00,main,430a,The Moon Is…the Sun's Dream / Trio,The Moon Is…the Sun's Dream,,208619,달은... 해가 꾸는 꿈,1992-02-29,5.4,7
2023-06-18T04:00:00+00:00,main,430b,The Moon Is…the Sun's Dream / Trio,Trio,,262097,3인조,1997-05-24,4.286,7
2023-06-21T04:00:05+00:00,patreon,188,Battle for the Planet of the Apes,Battle for the Planet of the Apes,,1705,Battle for the Planet of the Apes,1973-06-15,5.717,916
2023-06-25T04:00:00+00:00,main,431, Joint Security Area,Joint Security Area,,2440,공동경비구역 JSA,2000-09-09,7.845,686
2023-07-01T04:01:50+00:00,patreon,189,Ocean's 11,Ocean's 11,,299,Ocean's Eleven,1960-08-10,6.37,342
2023-07-02T04:00:00+00:00,main,432,Sympathy for Mr. Vengeance with David Ehrlich,Sympathy for Mr. Vengeance,David Ehrlich,4689,복수는 나의 것,2002-03-29,7.462,1428
2023-07-09T04:00:00+00:00,main,433,Oldboy with Alison Willmore,Oldboy,Alison Willmore,670,올드보이,2003-11-21,8.255,8558
2023-07-16T04:00:00+00:00,main,434,Sympathy for Lady Vengeance with Karen Han,Sympathy for Lady Vengeance,Karen Han,4550,친절한 금자씨,2005-07-29,7.545,1632
2023-07-21T04:00:04+00:00,patreon,192,Ocean's Eleven,Ocean's Eleven,,161,Ocean's Eleven,2001-12-07,7.444,11461
2023-07-23T04:00:00+00:00,main,435,Mission: Impossible - Dead Reckoning Part One with Marie Bardi,Mission: Impossible - Dead Reckoning Part One,Marie Bardi,575264,Mission: Impossible - Dead Reckoning Part One,2023-07-08,7.55,3695
2023-07-30T04:00:00+00:00,main,436,Oppenheimer with Marie Bardi,Oppenheimer,Marie Bardi,872585,Oppenheimer,2023-07-19,8.089,9018
2023-08-01T04:00:04+00:00,patreon,193,Ocean's Twelve,Ocean's Twelve,,163,Ocean's Twelve,2004-12-09,6.568,7165
2023-08-06T04:00:00+00:00,main,437,"I'm a Cyborg, But That's OK with Karen Chee","I'm a Cyborg, But That's OK",Karen Chee,5488,싸이보그지만 괜찮아,2006-12-07,7.082,500
2023-08-11T04:00:04+00:00,patreon,194,The Little Drummer Girl with Whitney McIntosh,The Little Drummer Girl,Whitney McIntosh,10000030,Television override,9999-09-09,0,0
2023-08-13T04:00:00+00:00,main,438,Thirst with Hoai-Tran Bui,Thirst,Hoai-Tran Bui,22536,박쥐,2009-04-30,7.101,928
2023-08-20T04:00:00+00:00,main,439,Stoker with Emily St. James,Stoker,Emily St. James,86825,Stoker,2013-02-28,6.7,2190
2023-08-21T04:00:01+00:00,patreon,195,Ocean’s Thirteen,Ocean’s Thirteen,,298,Ocean's Thirteen,2007-06-05,6.727,6247
2023-08-27T04:00:00+00:00,main,440, The Handmaiden with Emily Yoshida,The Handmaiden,Emily Yoshida,290098,아가씨,2016-06-01,8.2,3683
2023-09-01T04:00:01+00:00,patreon,196,Ocean's 8,Ocean's 8,,402900,Ocean's Eight,2018-06-07,6.985,8201
2023-09-03T04:00:00+00:00,main,441,Decision to Leave with Tatiana Maslany,Decision to Leave,Tatiana Maslany,705996,헤어질 결심,2022-06-29,7.4,1145
2023-09-10T04:00:00+00:00,main,442,Alien³ with Matt Singer,Alien³,Matt Singer,8077,Alien³,1992-05-22,6.4,5571
2023-09-11T04:00:03+00:00,patreon,197a,Alien vs. Predator / Aliens vs. Predator: Requiem,Alien vs. Predator,,395,AVP: Alien vs. Predator,2004-08-12,5.918,4350
2023-09-11T04:00:03+00:00,patreon,197b,Alien vs. Predator / Aliens vs. Predator: Requiem,Aliens vs. Predator: Requiem,,440,Aliens vs Predator: Requiem,2007-12-25,5.2,2860
2023-09-17T04:00:00+00:00,main,443, Se7en with Mike Mitchell & Nick Wiger,Se7en,Mike Mitchell & Nick Wiger,807,Se7en,1995-09-22,8.375,20820
2023-09-21T04:00:04+00:00,patreon,198,GoldenEye,GoldenEye,,710,GoldenEye,1995-11-16,6.891,3819
2023-09-24T04:00:00+00:00,main,444, The Game with Brendan Hines,The Game,Brendan Hines,2649,The Game,1997-09-12,7.568,6468
2023-10-01T04:00:00+00:00,main,445,Fight Club with Alex Ross Perry,Fight Club,Alex Ross Perry,550,Fight Club,1999-10-15,8.439,29172
2023-10-01T04:00:05+00:00,patreon,199,Tomorrow Never Dies with Jason Mantzoukas,Tomorrow Never Dies,Jason Mantzoukas,714,Tomorrow Never Dies,1997-12-11,6.36,3028
2023-10-08T04:00:00+00:00,main,446,Panic Room with Eva Anderson,Panic Room,Eva Anderson,4547,Panic Room,2002-03-29,6.777,4863
2023-10-11T04:00:03+00:00,patreon,201,David Fincher Music Videos,David Fincher Music Videos,,10000110,Television override,9999-09-09,0,0
2023-10-15T04:00:00+00:00,main,447,Zodiac with Leslye Headland,Zodiac,Leslye Headland,1949,Zodiac,2007-03-02,7.526,10365
2023-10-21T04:00:02+00:00,patreon,202,The World Is Not Enough,The World Is Not Enough,,36643,The World Is Not Enough,1999-11-17,6.271,2868
2023-10-22T04:00:00+00:00,main,448,The Curious Case of Benjamin Button with Richard Lawson,The Curious Case of Benjamin Button,Richard Lawson,4922,The Curious Case of Benjamin Button,2008-12-25,7.588,12631
2023-10-29T04:00:00+00:00,main,449,The Social Network,The Social Network,,37799,The Social Network,2010-10-01,7.368,11939
2023-11-01T04:00:05+00:00,patreon,203,Die Another Day,Die Another Day,,36669,Die Another Day,2002-11-17,5.987,3455
2023-11-05T04:00:00+00:00,main,450, The Girl with the Dragon Tattoo with Fran Hoepfner,The Girl with the Dragon Tattoo,the Dragon Tattoo,65754,The Girl with the Dragon Tattoo,2011-12-14,7.373,6894
2023-11-11T05:00:03+00:00,patreon,204,The Empty Man,The Empty Man,,516632,The Empty Man,2020-10-22,6.135,791
2023-11-12T05:00:00+00:00,main,451,Gone Girl with Esther Zuckerman,Gone Girl,Esther Zuckerman,210577,Gone Girl,2014-10-01,7.893,18431
2023-11-19T05:00:00+00:00,main,452,Mank with Sean Fennessey,Mank,Sean Fennessey,614560,Mank,2020-11-13,6.7,1572
2023-11-21T05:00:02+00:00,patreon,205,Austin Powers: International Man of Mystery,Austin Powers: International Man of Mystery,,816,Austin Powers: International Man of Mystery,1997-05-02,6.564,3340
2023-11-26T05:00:00+00:00,main,453,The Killer with Marie Bardi,The Killer,Marie Bardi,800158,The Killer,2023-10-25,6.573,2052
2023-12-01T05:00:03+00:00,patreon,206,Austin Powers: The Spy Who Shagged Me,Austin Powers: The Spy Who Shagged Me,,817,Austin Powers: The Spy Who Shagged Me,1999-06-08,6.275,3271
2023-12-03T05:00:00+00:00,main,454,I Love You to Death,I Love You to Death,,3101,I Love You to Death,1990-04-06,6.41,249
2023-12-10T05:00:00+00:00,main,455,The Boy and the Heron with J.D. Amato,The Boy and the Heron,J.D. Amato,508883,君たちはどう生きるか,2023-07-14,7.498,1655
2023-12-11T05:00:04+00:00,patreon,207,Austin Powers in Goldmember,Austin Powers in Goldmember,,818,Austin Powers in Goldmember,2002-07-26,5.986,3072
2023-12-17T05:00:00+00:00,main,456,Maestro with Marie Bardi-Salinas,Maestro,Marie Bardi-Salinas,523607,Maestro,2023-11-22,6.375,686
2023-12-31T05:00:00+00:00,main,457a,Wonkquaman with Marie Bardi-Salinas,Wonka,Marie Bardi-Salinas,787699,Wonka,2023-12-06,7.137,3373
2023-12-31T05:00:00+00:00,main,457b,Wonkquaman with Marie Bardi-Salinas,Aquaman and the Lost Kingdom,Marie Bardi-Salinas,572802,Aquaman and the Lost Kingdom,2023-12-20,6.684,2720
2024-01-01T05:00:05+00:00,patreon,209,The Love Guru,The Love Guru,,12177,The Love Guru,2008-06-20,4.108,697
2024-01-07T05:00:00+00:00,main,458,Ferrari with Bilge Ebiri,Ferrari,Bilge Ebiri,365620,Ferrari,2023-12-14,6.476,911
2024-01-14T05:00:00+00:00,main,459,A Star Is Born (1976) with Rachel Zegler,A Star Is Born (1976),Rachel Zegler,19610,A Star Is Born,1976-12-17,5.975,217
2024-01-21T05:00:00+00:00,main,460,Yentl with Jordan Hoffman,Yentl,Jordan Hoffman,10269,Yentl,1983-11-18,6.607,228
2024-01-21T06:47:24+00:00,patreon,211,The Terminator,The Terminator,,218,The Terminator,1984-10-26,7.66,12986
2024-01-24T05:00:00+00:00,main,461,A Conversation with Amy Irving,A Conversation,Amy Irving,510571,A Conversation,2018-01-01,0.0,0
2024-01-28T05:00:00+00:00,main,462,The Prince of Tides with Katey Rich,The Prince of Tides,Katey Rich,10333,The Prince of Tides,1991-12-25,6.6,269
2024-02-01T05:00:11+00:00,patreon,212,Terminator 2: Judgment Day,Terminator 2: Judgment Day,,280,Terminator 2: Judgment Day,1991-07-03,8.12,12731
2024-02-04T05:00:00+00:00,main,463,The Mirror Has Two Faces with Bobby Finger & Lindsey Weber,The Mirror Has Two Faces,Bobby Finger & Lindsey Weber,25189,The Mirror Has Two Faces,1996-11-15,6.676,319
2024-02-11T05:00:00+00:00,main,464,Nomads,Nomads,,26725,Nomads,1986-03-07,4.9,104
2024-02-11T05:00:03+00:00,patreon,213,T2-3D: Battle Across Bab's Basement,T2-3D: Battle Across Bab's Basement,,10000090,Television override,9999-09-09,0,0
2024-02-18T05:00:00+00:00,main,465,Predator with Jon Gabrus,Predator,Jon Gabrus,106,Predator,1987-06-12,7.533,7959
2024-02-21T05:00:04+00:00,patreon,214,Terminator 3: Rise of the Machines,Terminator 3: Rise of the Machines,,296,Terminator 3: Rise of the Machines,2003-07-02,6.165,6551
2024-02-25T05:00:00+00:00,main,466,Die Hard with Kevin Smith,Die Hard,Kevin Smith,562,Die Hard,1988-07-15,7.8,10998
2024-03-01T05:00:06+00:00,patreon,216,Terminator Salvation,Terminator Salvation,,534,Terminator Salvation,2009-05-20,6.064,6386
2024-03-10T05:00:00+00:00,main,468,The Hunt For Red October with Jamelle Bouie,The Hunt For Red October,Jamelle Bouie,1669,The Hunt for Red October,1990-03-02,7.384,3219
2024-03-11T04:00:05+00:00,patreon,217,Die Hard 2: Die Harder,Die Hard 2: Die Harder,,1573,Die Hard 2,1990-07-03,6.952,5694
2024-03-17T04:00:00+00:00,main,469,Medicine Man with Jamie Lee,Medicine Man,Jamie Lee,9096,Medicine Man,1992-02-07,5.974,369
2024-03-21T04:00:04+00:00,patreon,219,Terminator Genisys,Terminator Genisys,,87101,Terminator Genisys,2015-06-23,5.938,8315
2024-03-24T04:00:00+00:00,main,470,Last Action Hero with Paul Scheer & Jason Mantzoukas,Last Action Hero,Paul Scheer & Jason Mantzoukas,9593,Last Action Hero,1993-06-18,6.459,2669
2024-03-31T04:00:00+00:00,main,471,Die Hard with a Vengeance with Shea Serrano,Die Hard with a Vengeance,Shea Serrano,1572,Die Hard: With a Vengeance,1995-05-19,7.3,5996
2024-04-01T04:00:07+00:00,patreon,221,Terminator: Dark Fate,Terminator: Dark Fate,,290859,Terminator: Dark Fate,2019-10-23,6.44,5028
2024-04-07T04:00:00+00:00,main,472,The Thomas Crown Affair (1999) with Amanda Dobbins,The Thomas Crown Affair (1999),Amanda Dobbins,913,The Thomas Crown Affair,1999-08-06,6.74,1148
2024-04-11T04:00:05+00:00,patreon,222,Sin Eater: The Crimes of Anthony Pellicano,Sin Eater: The Crimes of Anthony Pellicano,,1099390,Sin Eater: The Crimes of Anthony Pellicano,2023-03-10,7.0,1
2024-04-14T04:00:00+00:00,main,473,The 13th Warrior with David Lowery,The 13th Warrior,David Lowery,1911,The 13th Warrior,1999-08-13,6.7,1813
2024-04-21T04:00:00+00:00,main,474,Rollerball with Zach Cherry,Rollerball,Zach Cherry,11535,Rollerball,2002-02-08,4.0,464
2024-04-21T04:00:05+00:00,patreon,223,Teenage Mutant Ninja Turtles,Teenage Mutant Ninja Turtles,,1498,Teenage Mutant Ninja Turtles,1990-03-30,6.669,1736
2024-04-28T04:00:00+00:00,main,475,Basic with BenDavid Grabinski,Basic,BenDavid Grabinski,10782,Basic,2003-04-18,6.5,1014
2024-05-01T04:00:09+00:00,patreon,224,Teenage Mutant Ninja Turtles II: The Secret of the Ooze,Teenage Mutant Ninja Turtles II: The Secret of the Ooze,,1497,Teenage Mutant Ninja Turtles II: The Secret of the Ooze,1991-03-22,6.159,1115
2024-05-05T04:00:00+00:00,main,476,Perfect Blue with Bowen Yang,Perfect Blue,Bowen Yang,10494,PERFECT BLUE,1998-02-28,8.311,2607
2024-05-11T04:00:00+00:00,patreon,225,Paranoia Agent with Nick Wiger,Paranoia Agent,Nick Wiger,10000001,Television override,9999-09-09,0,0
2024-05-12T04:00:00+00:00,main,477,Millennium Actress with Hoai-Tran Bui,Millennium Actress,Hoai-Tran Bui,33320,千年女優,2002-09-14,7.818,828
2024-05-19T20:25:09+00:00,main,478,Tokyo Godfathers,Tokyo Godfathers,,13398,東京ゴッドファーザーズ,2003-12-05,7.909,1236
2024-05-21T20:25:09+00:00,patreon,226,Teenage Mutant Ninja Turtles III,Teenage Mutant Ninja Turtles III,,1499,Teenage Mutant Ninja Turtles III,1993-03-17,5.445,807
2024-05-26T20:25:09+00:00,main,479,Paprika,Paprika,,4977,パプリカ,2006-10-21,7.8,2390
2024-06-01T20:25:09+00:00,patreon,227,TMNT,TMNT,,1273,TMNT,2007-03-23,6.1,1078
2024-06-02T20:25:09+00:00,main,480,Furiosa,Furiosa,,786892,Furiosa: A Mad Max Saga,2024-05-22,7.554,3178
2024-06-09T20:25:09+00:00,main,481,Going in Style,Going in Style,,65066,Going in Style,1979-12-25,6.9,50
2024-06-11T20:25:09+00:00,patreon,228a,Hot Dogs for Gauguin,Hot Dogs for Gauguin,,200202,Hot Dogs for Gauguin,1972-06-12,6.4,5
2024-06-11T20:25:09+00:00,patreon,228b,Hot Tomorrows,Hot Tomorrows,,83815,Hot Tomorrows,1977-04-01,6.0,1
2024-06-16T20:25:09+00:00,main,482,Beverly Hills Cop,Beverly Hills Cop,,90,Beverly Hills Cop,1984-12-05,7.197,4094
2024-06-21T20:25:09+00:00,patreon,229,Teenage Mutant Ninja Turtles (2014),Teenage Mutant Ninja Turtles (2014),,98566,Teenage Mutant Ninja Turtles,2014-08-07,5.921,6715
2024-06-23T20:25:09+00:00,main,483,Midnight Run,Midnight Run,,9013,Midnight Run,1988-07-20,7.2,1065
2024-07-01T20:25:09+00:00,patreon,230,Teenage Mutant Ninja Turtles: Out of the Shadows,Teenage Mutant Ninja Turtles: Out of the Shadows,,308531,Teenage Mutant Ninja Turtles: Out of the Shadows,2016-06-01,6.028,3461
2024-06-30T20:25:09+00:00,main,484,Scent of a Woman,Scent of a Woman,,9475,Scent of a Woman,1992-12-23,7.793,3330
2024-07-07T20:25:09+00:00,main,485,Meet Joe Black,Meet Joe Black,,297,Meet Joe Black,1998-11-12,7.341,5087
2024-07-14T20:25:09+00:00,main,486,Gigli,Gigli,,8046,Gigli,2003-08-01,4.045,453
2024-07-21T20:25:09+00:00,patreon,232,Teenage Mutant Ninja Turtles: Mutant Mayhem,Teenage Mutant Ninja Turtles: Mutant Mayhem,,614930,Teenage Mutant Ninja Turtles: Mutant Mayhem,2023-07-31,7.252,1270
2024-07-21T20:25:09+00:00,main,487,Dances with Wolves,Dances with Wolves,,581,Dances with Wolves,1990-03-30,7.849,4170
2024-07-28T20:25:09+00:00,main,488,The Postman,The Postman,,9922,The Postman,1997-12-25,6.247,1053
2024-08-01T20:25:09+00:00,patreon,233,Clue,Clue,,15196,Clue,1985-12-13,7.2,1678
2024-08-04T20:25:09+00:00,main,489,Open Range,Open Range,,2055,Open Range,2003-08-11,7.217,1049
2024-08-11T20:25:09+00:00,main,490,Trap,Trap,,1032823,Trap,2024-07-31,6.52,1251
2024-08-11T20:25:09+00:00,patreon,234,Waterworld,Waterworld,,9804,Waterworld,1995-07-28,6.219,3638
2024-08-18T20:25:09+00:00,main,491,Horizon: An American Saga – Chapter 1,Horizon: An American Saga – Chapter 1,,932086,Horizon: An American Saga - Chapter 1,2024-06-26,6.991,277
2024-08-21T20:25:09+00:00,patreon,235,Dungeons & Dragons,Dungeons & Dragons,,11849,Dungeons & Dragons,2000-12-08,4.372,613
2024-08-25T20:25:09+00:00,main,492,Eraserhead,Eraserhead,,985,Eraserhead,1977-09-28,7.364,2370
2024-09-01T20:25:09+00:00,main,493,The Elephant Man,The Elephant Man,,1955,The Elephant Man,1980-10-09,8.035,3435
2024-09-01T20:25:09+00:00,patreon,236,Battleship,Battleship,,44833,Battleship,2012-04-11,5.854,5442
2024-09-08T20:25:09+00:00,main,494,Dune,Dune,,841,Dune,1984-12-14,6.199,2991
2024-09-11T20:25:09+00:00,patreon,237a,Six Men Getting Sick,Six Men Getting Sick,,48784,Six Men Getting Sick,1967-01-01,5.541,185
2024-09-11T20:25:09+00:00,patreon,237b,The Alphabet,The Alphabet,,44239,The Alphabet,1969-02-13,6.509,219
2024-09-11T20:25:09+00:00,patreon,237c,The Grandmother,The Grandmother,,44510,The Grandmother,1970-07-01,6.615,161
2024-09-11T20:25:09+00:00,patreon,237d,The Amputee,The Amputee,,48847,The Amputee,1974-01-01,5.086,122
2024-09-11T20:25:09+00:00,patreon,237e,The Cowboy and the Frenchman,The Cowboy and the Frenchman,,94295,The Cowboy and the Frenchman,1988-10-26,6.059,59
2024-09-11T20:25:09+00:00,patreon,237f,Premonitions Following an Evil Deed,Premonitions Following an Evil Deed,,1033807,Premonitions Following an Evil Deed,1995-02-12,6.2,13
2024-09-11T20:25:09+00:00,patreon,237g,Dumbland,Dumbland,,10000207,Television override,9999-09-09,0,0
2024-09-11T20:25:09+00:00,patreon,237h,Rabbits,Rabbits,,44351,Rabbits,2002-06-09,6.824,247
2024-09-11T20:25:09+00:00,patreon,237i,Lady Blue Shanghai,Lady Blue Shanghai,,10000209,Television override,9999-09-09,0,0
2024-09-11T20:25:09+00:00,patreon,237j,Absurda,Absurda,,676980,9 Historias absurdas de amor y desamor,2011-01-01,6.5,3
2024-09-11T20:25:09+00:00,patreon,237k,What Did Jack Do?,What Did Jack Do?,,528491,WHAT DID JACK DO?,2017-11-08,6.367,473
2024-09-15T20:25:09+00:00,main,495,Beetlejuice Beetlejuice,Beetlejuice Beetlejuice,,917496,Beetlejuice Beetlejuice,2024-09-04,7.122,787
2024-09-21T20:25:09+00:00,patreon,238,Ouija,Ouija,,242512,Ouija,2014-10-24,5.145,2623
2024-09-22T20:25:09+00:00,main,496,Blue Velvet,Blue Velvet,,793,Blue Velvet,1986-09-19,7.619,3249
2024-09-29T20:25:09+00:00,main,497,Twin Peaks Season 1,Twin Peaks Season 1,,10000051,Television override,9999-09-09,0,0
2024-10-01T20:25:09+00:00,patreon,339,Ouija: Origin of Evil,Ouija: Origin of Evil,,335796,Ouija: Origin of Evil,2016-10-20,6.126,2426
2024-10-06T20:25:09+00:00,main,498,Wild at Heart,Wild at Heart,,483,Wild at Heart,1990-08-17,7.0,1587
2024-10-11T20:25:09+00:00,patreon,240,Twin Peaks Season 2,Twin Peaks Season 2,,10000052,Television override,9999-09-09,0,0
2024-10-13T20:25:09+00:00,main,499a,Joker: Folie à Deux,Joker: Folie à Deux,,889737,Joker: Folie à Deux,2024-10-01,6.093,243
2024-10-13T20:25:09+00:00,main,499b,Goodrich,Goodrich,,1088096,Goodrich,2024-10-17,0.0,0
2024-10-20T20:25:09+00:00,main,500,Twin Peaks: Fire Walk with Me,Twin Peaks: Fire Walk with Me,,1923,Twin Peaks: Fire Walk with Me,1992-06-03,7.4,1874
2024-10-21T20:25:09+00:00,patreon,241,Dungeons & Dragons: Honor Among Thieves,Dungeons & Dragons: Honor Among Thieves,,493529,Dungeons & Dragons: Honor Among Thieves,2023-03-23,7.367,3431
2024-10-27T20:25:09+00:00,main,501,Lost Highway,Lost Highway,,638,Lost Highway,1997-01-15,7.568,2543
2024-11-03T20:25:09+00:00,main,502,The Straight Story,The Straight Story,,404,The Straight Story,1999-10-15,7.7,1500
2024-11-10T20:25:09+00:00,main,503,Here,Here,,940139,Here,2024-10-31,0.0,0
2024-11-17T20:25:09+00:00,main,504,Mulholland Drive,Mulholland Drive,,1018,Mulholland Drive,2001-06-06,7.8,6112
2024-11-24T20:25:09+00:00,main,505,Inland Empire,Inland Empire,,1730,Inland Empire,2006-12-06,7.0,1060
2024-12-01T20:25:09+00:00,main,506,Twin Peaks The Return (1-7),Twin Peaks The Return (1-7),,10000053,Television override,9999-09-09,0,0
2024-12-08T20:25:09+00:00,main,507,Twin Peaks The Return (8),Twin Peaks The Return (8),,10000054,Television override,9999-09-09,0,0
2024-12-15T20:25:09+00:00,main,508,Twin Peaks The Return (9-13),Twin Peaks The Return (9-13),,10000055,Television override,9999-09-09,0,0
2024-12-22T20:25:09+00:00,main,509,Twin Peaks The Return (14-18),Twin Peaks The Return (14-18),,10000056,Television override,9999-09-09,0,0
2025-01-05T20:25:09+00:00,main,510,Horizon: An American Saga – Chapter 2,Horizon: An American Saga – Chapter 2,,1120368,Horizon: An American Saga - Chapter 2,2025-04-03,0.0,0
2024-11-01T20:25:09+00:00,patreon,242,Analyze This,Analyze This,,9535,Analyze This,1999-03-05,6.488,1840
2024-11-21T20:25:09+00:00,patreon,244,Mickey Blue Eyes,Mickey Blue Eyes,,10154,Mickey Blue Eyes,1999-08-16,5.665,538
2024-12-01T20:25:09+00:00,patreon,245,Analyze That,Analyze That,,9932,Analyze That,2002-12-06,5.803,1213
2024-01-03T20:25:09+00:00,main,511,Duel,Duel,,839,Duel,1971-11-13,7.425,1822
2024-01-03T20:25:09+00:00,main,512,The Sugarland Express,The Sugarland Express,,5121,The Sugarland Express,1974-03-31,6.575,372
2024-01-03T20:25:09+00:00,main,513,Jaws,Jaws,,578,Jaws,1975-06-20,7.665,10307
2024-01-03T20:25:09+00:00,main,514,Close Encounters of the Third Kind,Close Encounters of the Third Kind,,840,Close Encounters of the Third Kind,1977-12-14,7.355,4150
2024-01-03T20:25:09+00:00,main,515,1941,1941,,11519,1941,1979-12-14,5.809,599
2024-01-03T20:25:09+00:00,main,516,Raiders of the Lost Ark,Raiders of the Lost Ark,,85,Raiders of the Lost Ark,1981-06-12,7.929,12294
2024-01-03T20:25:09+00:00,main,517,E.T. the Extra-Terrestrial,E.T. the Extra-Terrestrial,,601,E.T. the Extra-Terrestrial,1982-06-11,7.519,11072
2024-01-03T20:25:09+00:00,main,518,Twilight Zone: The Movie,Twilight Zone: The Movie,,15301,Twilight Zone: The Movie,1983-06-24,6.46,704
2024-01-03T20:25:09+00:00,main,519,Indiana Jones and the Temple of Doom,Indiana Jones and the Temple of Doom,,87,Indiana Jones and the Temple of Doom,1984-05-23,7.298,9141
2024-01-03T20:25:09+00:00,main,520,The Color Purple,The Color Purple,,558915,The Color Purple,2023-12-25,7.089,252
2024-01-03T20:25:09+00:00,main,521,Empire of the Sun,Empire of the Sun,,10110,Empire of the Sun,1987-12-09,7.5,1884
2024-01-03T20:25:09+00:00,main,522,Indiana Jones and the Last Crusade,Indiana Jones and the Last Crusade,,89,Indiana Jones and the Last Crusade,1989-05-24,7.85,10005
2024-01-03T20:25:09+00:00,main,523,Always,Always,,11352,Always,1989-12-22,6.3,584
2024-01-03T20:25:09+00:00,main,524,Hook,Hook,,879,Hook,1991-04-10,6.837,5222
2024-01-03T20:25:09+00:00,main,525,Jurassic Park,Jurassic Park,,329,Jurassic Park,1993-06-11,7.951,16144
2024-01-03T20:25:09+00:00,main,526,Schindler's List,Schindler's List,,424,Schindler's List,1993-12-15,8.565,15724
2024-01-03T20:25:09+00:00,main,599,Fixed,Fixed,,537921,Fixed,,0.0,0
